{
  "cards": [
    {
      "uuid": "88485f1a-48ef-4a2f-8191-63af1c67da91",
      "summary": "Unable to (pre)fetch any supported bundles.",
      "detail": null,
      "indicator": "info",
      "source": {
        "label": "Da Vinci CRD Reference Implementation",
        "url": null,
        "icon": null,
        "topic": {
          "code": "coverage",
          "system": "http://hl7.org/fhir/us/davinci-crd/CodeSystem/cardType",
          "display": "Coverage"
        }
      },
      "suggestions": null,
      "selectionBehavior": null,
      "links": null,
      "extension": null
    }
  ],
  "systemActions": []
}