{
  "cards": [
    {
      "uuid": "da94998d-94d0-4267-b808-96629b255de2",
      "summary": "Hospital Beds And Accessories: Documentation Required.",
      "detail": "Documentation Required, please complete form via Smart App link.",
      "indicator": "info",
      "source": {
        "label": "Da Vinci CRD Reference Implementation",
        "url": null,
        "icon": null,
        "topic": {
          "code": "dtr-clin",
          "system": "http://hl7.org/fhir/us/davinci-crd/CodeSystem/cardType",
          "display": "DTR Clin"
        }
      },
      "suggestions": [
        {
          "label": "Save Update To EHR",
          "uuid": "0edb17f7-4fad-4bb3-92fa-0acc2ec8b1d7",
          "actions": [
            {
              "type": "update",
              "description": "Update original DeviceRequest to add note",
              "resource": {
                "requester": {
                  "reference": "Practitioner/pra-hfairchild"
                },
                "insurance": [
                  {
                    "reference": "Coverage/cov015"
                  }
                ],
                "note": [
                  {
                    "authorString": "Da Vinci CRD Reference Implementation",
                    "time": "2025-12-02T06:10:48+00:00",
                    "text": "Hospital Beds And Accessories: Documentation Required.: Documentation Required, please complete form via Smart App link."
                  },
                  {
                    "authorString": "Da Vinci CRD Reference Implementation",
                    "time": "2025-12-04T16:49:25+00:00",
                    "text": "Hospital Beds And Accessories: Documentation Required.: Documentation Required, please complete form via Smart App link."
                  },
                  {
                    "authorString": "Da Vinci CRD Reference Implementation",
                    "time": "2025-12-11T07:16:41+00:00",
                    "text": "Hospital Beds And Accessories: Documentation Required.: Documentation Required, please complete form via Smart App link."
                  },
                  {
                    "authorString": "Da Vinci CRD Reference Implementation",
                    "time": "2025-12-15T13:17:46+00:00",
                    "text": "Hospital Beds And Accessories: Documentation Required.: Documentation Required, please complete form via Smart App link."
                  },
                  {
                    "authorString": "Da Vinci CRD Reference Implementation",
                    "time": "2025-12-16T16:22:14+00:00",
                    "text": "Hospital Beds And Accessories: Documentation Required.: Documentation Required, please complete form via Smart App link."
                  },
                  {
                    "authorString": "Da Vinci CRD Reference Implementation",
                    "time": "2025-12-16T20:36:43+00:00",
                    "text": "Hospital Beds And Accessories: Documentation Required.: Documentation Required, please complete form via Smart App link."
                  },
                  {
                    "authorString": "Da Vinci CRD Reference Implementation",
                    "time": "2026-01-02T13:37:46+00:00",
                    "text": "Hospital Beds And Accessories: Documentation Required.: Documentation Required, please complete form via Smart App link."
                  }
                ],
                "extension": [
                  {
                    "url": "http://hl7.org/fhir/us/davinci-crd/StructureDefinition/ext-coverage-information",
                    "extension": [
                      {
                        "url": "coverageInfo",
                        "valueCoding": {
                          "system": "http://hl7.org/fhir/us/davinci-crd/CodeSystem/temp",
                          "code": "clinical",
                          "display": "Clinical"
                        }
                      },
                      {
                        "url": "coverage",
                        "valueReference": {
                          "reference": "Coverage/cov015"
                        }
                      },
                      {
                        "url": "date",
                        "valueDate": "2025-12-02"
                      },
                      {
                        "url": "identifier",
                        "valueString": "916665cd-d6f5-4aed-8143-adac17461881"
                      },
                      {
                        "url": "doc-needed",
                        "valueCode": "admin"
                      },
                      {
                        "url": "questionnaire",
                        "valueCanonical": "https://crd.davinci.hl7.org/fhir/r4/Questionnaire/HospitalBedsAndAccessories"
                      }
                    ]
                  },
                  {
                    "url": "http://hl7.org/fhir/us/davinci-crd/StructureDefinition/ext-coverage-information",
                    "extension": [
                      {
                        "url": "coverageInfo",
                        "valueCoding": {
                          "system": "http://hl7.org/fhir/us/davinci-crd/CodeSystem/temp",
                          "code": "clinical",
                          "display": "Clinical"
                        }
                      },
                      {
                        "url": "coverage",
                        "valueReference": {
                          "reference": "Coverage/cov015"
                        }
                      },
                      {
                        "url": "date",
                        "valueDate": "2025-12-04"
                      },
                      {
                        "url": "identifier",
                        "valueString": "fc28b784-e57f-4246-9779-a615da5cad40"
                      },
                      {
                        "url": "doc-needed",
                        "valueCode": "admin"
                      },
                      {
                        "url": "questionnaire",
                        "valueCanonical": "https://crd.davinci.hl7.org/fhir/r4/Questionnaire/HospitalBedsAndAccessories"
                      }
                    ]
                  },
                  {
                    "url": "http://hl7.org/fhir/us/davinci-crd/StructureDefinition/ext-coverage-information",
                    "extension": [
                      {
                        "url": "coverageInfo",
                        "valueCoding": {
                          "system": "http://hl7.org/fhir/us/davinci-crd/CodeSystem/temp",
                          "code": "clinical",
                          "display": "Clinical"
                        }
                      },
                      {
                        "url": "coverage",
                        "valueReference": {
                          "reference": "Coverage/cov015"
                        }
                      },
                      {
                        "url": "date",
                        "valueDate": "2025-12-11"
                      },
                      {
                        "url": "identifier",
                        "valueString": "fc533e24-fc67-4be6-8e4b-da212f8b4385"
                      },
                      {
                        "url": "doc-needed",
                        "valueCode": "admin"
                      },
                      {
                        "url": "questionnaire",
                        "valueCanonical": "https://crd.davinci.hl7.org/fhir/r4/Questionnaire/HospitalBedsAndAccessories"
                      }
                    ]
                  },
                  {
                    "url": "http://hl7.org/fhir/us/davinci-crd/StructureDefinition/ext-coverage-information",
                    "extension": [
                      {
                        "url": "coverageInfo",
                        "valueCoding": {
                          "system": "http://hl7.org/fhir/us/davinci-crd/CodeSystem/temp",
                          "code": "clinical",
                          "display": "Clinical"
                        }
                      },
                      {
                        "url": "coverage",
                        "valueReference": {
                          "reference": "Coverage/cov015"
                        }
                      },
                      {
                        "url": "date",
                        "valueDate": "2025-12-15"
                      },
                      {
                        "url": "identifier",
                        "valueString": "02587d57-bc63-4fa7-999c-253ffa33cc0b"
                      },
                      {
                        "url": "doc-needed",
                        "valueCode": "admin"
                      },
                      {
                        "url": "questionnaire",
                        "valueCanonical": "https://crd.davinci.hl7.org/fhir/r4/Questionnaire/HospitalBedsAndAccessories"
                      }
                    ]
                  },
                  {
                    "url": "http://hl7.org/fhir/us/davinci-crd/StructureDefinition/ext-coverage-information",
                    "extension": [
                      {
                        "url": "coverageInfo",
                        "valueCoding": {
                          "system": "http://hl7.org/fhir/us/davinci-crd/CodeSystem/temp",
                          "code": "clinical",
                          "display": "Clinical"
                        }
                      },
                      {
                        "url": "coverage",
                        "valueReference": {
                          "reference": "Coverage/cov015"
                        }
                      },
                      {
                        "url": "date",
                        "valueDate": "2025-12-16"
                      },
                      {
                        "url": "identifier",
                        "valueString": "2261a0af-d18a-42c8-adbc-fc631910c9ea"
                      },
                      {
                        "url": "doc-needed",
                        "valueCode": "admin"
                      },
                      {
                        "url": "questionnaire",
                        "valueCanonical": "https://crd.davinci.hl7.org/fhir/r4/Questionnaire/HospitalBedsAndAccessories"
                      }
                    ]
                  },
                  {
                    "url": "http://hl7.org/fhir/us/davinci-crd/StructureDefinition/ext-coverage-information",
                    "extension": [
                      {
                        "url": "coverageInfo",
                        "valueCoding": {
                          "system": "http://hl7.org/fhir/us/davinci-crd/CodeSystem/temp",
                          "code": "clinical",
                          "display": "Clinical"
                        }
                      },
                      {
                        "url": "coverage",
                        "valueReference": {
                          "reference": "Coverage/cov015"
                        }
                      },
                      {
                        "url": "date",
                        "valueDate": "2025-12-16"
                      },
                      {
                        "url": "identifier",
                        "valueString": "5277122d-aa27-47a1-a4ca-55dd53753708"
                      },
                      {
                        "url": "doc-needed",
                        "valueCode": "admin"
                      },
                      {
                        "url": "questionnaire",
                        "valueCanonical": "https://crd.davinci.hl7.org/fhir/r4/Questionnaire/HospitalBedsAndAccessories"
                      }
                    ]
                  },
                  {
                    "url": "http://hl7.org/fhir/us/davinci-crd/StructureDefinition/ext-coverage-information",
                    "extension": [
                      {
                        "url": "coverageInfo",
                        "valueCoding": {
                          "system": "http://hl7.org/fhir/us/davinci-crd/CodeSystem/temp",
                          "code": "clinical",
                          "display": "Clinical"
                        }
                      },
                      {
                        "url": "coverage",
                        "valueReference": {
                          "reference": "Coverage/cov015"
                        }
                      },
                      {
                        "url": "date",
                        "valueDate": "2026-01-02"
                      },
                      {
                        "url": "identifier",
                        "valueString": "418243c2-69e0-45fe-b346-6e6696d024e4"
                      },
                      {
                        "url": "doc-needed",
                        "valueCode": "admin"
                      },
                      {
                        "url": "questionnaire",
                        "valueCanonical": "https://crd.davinci.hl7.org/fhir/r4/Questionnaire/HospitalBedsAndAccessories"
                      }
                    ]
                  }
                ],
                "authoredOn": "2023-01-01T00:00:00Z",
                "performer": {
                  "reference": "Practitioner/pra1234"
                },
                "subject": {
                  "reference": "Patient/pat015"
                },
                "intent": "original-order",
                "meta": {
                  "versionId": "7",
                  "lastUpdated": "2025-12-16T20:37:06.184+00:00",
                  "profile": [
                    "http://hl7.org/fhir/us/davinci-crd/StructureDefinition/profile-devicerequest"
                  ]
                },
                "id": "devreq-015-e0250",
                "codeCodeableConcept": {
                  "coding": [
                    {
                      "system": "https://www.cms.gov/Medicare/Coding/HCPCSReleaseCodeSets",
                      "code": "E0250",
                      "display": "Hospital bed fixed height with any type of side rails, mattress"
                    }
                  ]
                },
                "resourceType": "DeviceRequest",
                "status": "draft"
              },
              "resourceId": "DeviceRequest/devreq-015-e0250"
            }
          ],
          "isRecommended": true
        }
      ],
      "selectionBehavior": null,
      "links": [
        {
          "label": "Documentation Requirements",
          "url": "https://www.cms.gov/Outreach-and-Education/Medicare-Learning-Network-MLN/MLNProducts/Downloads/ProviderComplianceTipsforHospitalBedsandAccessories-ICN909476.pdf",
          "type": "absolute",
          "appContext": null
        },
        {
          "label": "Order Form",
          "url": "https://dtr.davinci.hl7.org/launch",
          "type": "smart",
          "appContext": "questionnaire%3Dhttps%3A%2F%2Fcrd.davinci.hl7.org%2Ffhir%2Fr4%2FQuestionnaire%2FHospitalBedsAndAccessories%26order%3D%7B%5C%22resourceType%5C%22%3A%5C%22DeviceRequest%5C%22%2C%5C%22id%5C%22%3A%5C%22devreq-015-e0250%5C%22%2C%5C%22meta%5C%22%3A%7B%5C%22versionId%5C%22%3A%5C%227%5C%22%2C%5C%22lastUpdated%5C%22%3A%5C%222025-12-16T20%3A37%3A06.184%2B00%3A00%5C%22%2C%5C%22profile%5C%22%3A%5B%5C%22http%3A%5C%2F%5C%2Fhl7.org%5C%2Ffhir%5C%2Fus%5C%2Fdavinci-crd%5C%2FStructureDefinition%5C%2Fprofile-devicerequest%5C%22%5D%7D%2C%5C%22extension%5C%22%3A%5B%7B%5C%22url%5C%22%3A%5C%22http%3A%5C%2F%5C%2Fhl7.org%5C%2Ffhir%5C%2Fus%5C%2Fdavinci-crd%5C%2FStructureDefinition%5C%2Fext-coverage-information%5C%22%2C%5C%22extension%5C%22%3A%5B%7B%5C%22url%5C%22%3A%5C%22coverageInfo%5C%22%2C%5C%22valueCoding%5C%22%3A%7B%5C%22system%5C%22%3A%5C%22http%3A%5C%2F%5C%2Fhl7.org%5C%2Ffhir%5C%2Fus%5C%2Fdavinci-crd%5C%2FCodeSystem%5C%2Ftemp%5C%22%2C%5C%22code%5C%22%3A%5C%22clinical%5C%22%2C%5C%22display%5C%22%3A%5C%22Clinical%5C%22%7D%7D%2C%7B%5C%22url%5C%22%3A%5C%22coverage%5C%22%2C%5C%22valueReference%5C%22%3A%7B%5C%22reference%5C%22%3A%5C%22Coverage%5C%2Fcov015%5C%22%7D%7D%2C%7B%5C%22url%5C%22%3A%5C%22date%5C%22%2C%5C%22valueDate%5C%22%3A%5C%222025-12-02%5C%22%7D%2C%7B%5C%22url%5C%22%3A%5C%22identifier%5C%22%2C%5C%22valueString%5C%22%3A%5C%22916665cd-d6f5-4aed-8143-adac17461881%5C%22%7D%2C%7B%5C%22url%5C%22%3A%5C%22doc-needed%5C%22%2C%5C%22valueCode%5C%22%3A%5C%22admin%5C%22%7D%2C%7B%5C%22url%5C%22%3A%5C%22questionnaire%5C%22%2C%5C%22valueCanonical%5C%22%3A%5C%22https%3A%5C%2F%5C%2Fcrd.davinci.hl7.org%5C%2Ffhir%5C%2Fr4%5C%2FQuestionnaire%5C%2FHospitalBedsAndAccessories%5C%22%7D%5D%7D%2C%7B%5C%22url%5C%22%3A%5C%22http%3A%5C%2F%5C%2Fhl7.org%5C%2Ffhir%5C%2Fus%5C%2Fdavinci-crd%5C%2FStructureDefinition%5C%2Fext-coverage-information%5C%22%2C%5C%22extension%5C%22%3A%5B%7B%5C%22url%5C%22%3A%5C%22coverageInfo%5C%22%2C%5C%22valueCoding%5C%22%3A%7B%5C%22system%5C%22%3A%5C%22http%3A%5C%2F%5C%2Fhl7.org%5C%2Ffhir%5C%2Fus%5C%2Fdavinci-crd%5C%2FCodeSystem%5C%2Ftemp%5C%22%2C%5C%22code%5C%22%3A%5C%22clinical%5C%22%2C%5C%22display%5C%22%3A%5C%22Clinical%5C%22%7D%7D%2C%7B%5C%22url%5C%22%3A%5C%22coverage%5C%22%2C%5C%22valueReference%5C%22%3A%7B%5C%22reference%5C%22%3A%5C%22Coverage%5C%2Fcov015%5C%22%7D%7D%2C%7B%5C%22url%5C%22%3A%5C%22date%5C%22%2C%5C%22valueDate%5C%22%3A%5C%222025-12-04%5C%22%7D%2C%7B%5C%22url%5C%22%3A%5C%22identifier%5C%22%2C%5C%22valueString%5C%22%3A%5C%22fc28b784-e57f-4246-9779-a615da5cad40%5C%22%7D%2C%7B%5C%22url%5C%22%3A%5C%22doc-needed%5C%22%2C%5C%22valueCode%5C%22%3A%5C%22admin%5C%22%7D%2C%7B%5C%22url%5C%22%3A%5C%22questionnaire%5C%22%2C%5C%22valueCanonical%5C%22%3A%5C%22https%3A%5C%2F%5C%2Fcrd.davinci.hl7.org%5C%2Ffhir%5C%2Fr4%5C%2FQuestionnaire%5C%2FHospitalBedsAndAccessories%5C%22%7D%5D%7D%2C%7B%5C%22url%5C%22%3A%5C%22http%3A%5C%2F%5C%2Fhl7.org%5C%2Ffhir%5C%2Fus%5C%2Fdavinci-crd%5C%2FStructureDefinition%5C%2Fext-coverage-information%5C%22%2C%5C%22extension%5C%22%3A%5B%7B%5C%22url%5C%22%3A%5C%22coverageInfo%5C%22%2C%5C%22valueCoding%5C%22%3A%7B%5C%22system%5C%22%3A%5C%22http%3A%5C%2F%5C%2Fhl7.org%5C%2Ffhir%5C%2Fus%5C%2Fdavinci-crd%5C%2FCodeSystem%5C%2Ftemp%5C%22%2C%5C%22code%5C%22%3A%5C%22clinical%5C%22%2C%5C%22display%5C%22%3A%5C%22Clinical%5C%22%7D%7D%2C%7B%5C%22url%5C%22%3A%5C%22coverage%5C%22%2C%5C%22valueReference%5C%22%3A%7B%5C%22reference%5C%22%3A%5C%22Coverage%5C%2Fcov015%5C%22%7D%7D%2C%7B%5C%22url%5C%22%3A%5C%22date%5C%22%2C%5C%22valueDate%5C%22%3A%5C%222025-12-11%5C%22%7D%2C%7B%5C%22url%5C%22%3A%5C%22identifier%5C%22%2C%5C%22valueString%5C%22%3A%5C%22fc533e24-fc67-4be6-8e4b-da212f8b4385%5C%22%7D%2C%7B%5C%22url%5C%22%3A%5C%22doc-needed%5C%22%2C%5C%22valueCode%5C%22%3A%5C%22admin%5C%22%7D%2C%7B%5C%22url%5C%22%3A%5C%22questionnaire%5C%22%2C%5C%22valueCanonical%5C%22%3A%5C%22https%3A%5C%2F%5C%2Fcrd.davinci.hl7.org%5C%2Ffhir%5C%2Fr4%5C%2FQuestionnaire%5C%2FHospitalBedsAndAccessories%5C%22%7D%5D%7D%2C%7B%5C%22url%5C%22%3A%5C%22http%3A%5C%2F%5C%2Fhl7.org%5C%2Ffhir%5C%2Fus%5C%2Fdavinci-crd%5C%2FStructureDefinition%5C%2Fext-coverage-information%5C%22%2C%5C%22extension%5C%22%3A%5B%7B%5C%22url%5C%22%3A%5C%22coverageInfo%5C%22%2C%5C%22valueCoding%5C%22%3A%7B%5C%22system%5C%22%3A%5C%22http%3A%5C%2F%5C%2Fhl7.org%5C%2Ffhir%5C%2Fus%5C%2Fdavinci-crd%5C%2FCodeSystem%5C%2Ftemp%5C%22%2C%5C%22code%5C%22%3A%5C%22clinical%5C%22%2C%5C%22display%5C%22%3A%5C%22Clinical%5C%22%7D%7D%2C%7B%5C%22url%5C%22%3A%5C%22coverage%5C%22%2C%5C%22valueReference%5C%22%3A%7B%5C%22reference%5C%22%3A%5C%22Coverage%5C%2Fcov015%5C%22%7D%7D%2C%7B%5C%22url%5C%22%3A%5C%22date%5C%22%2C%5C%22valueDate%5C%22%3A%5C%222025-12-15%5C%22%7D%2C%7B%5C%22url%5C%22%3A%5C%22identifier%5C%22%2C%5C%22valueString%5C%22%3A%5C%2202587d57-bc63-4fa7-999c-253ffa33cc0b%5C%22%7D%2C%7B%5C%22url%5C%22%3A%5C%22doc-needed%5C%22%2C%5C%22valueCode%5C%22%3A%5C%22admin%5C%22%7D%2C%7B%5C%22url%5C%22%3A%5C%22questionnaire%5C%22%2C%5C%22valueCanonical%5C%22%3A%5C%22https%3A%5C%2F%5C%2Fcrd.davinci.hl7.org%5C%2Ffhir%5C%2Fr4%5C%2FQuestionnaire%5C%2FHospitalBedsAndAccessories%5C%22%7D%5D%7D%2C%7B%5C%22url%5C%22%3A%5C%22http%3A%5C%2F%5C%2Fhl7.org%5C%2Ffhir%5C%2Fus%5C%2Fdavinci-crd%5C%2FStructureDefinition%5C%2Fext-coverage-information%5C%22%2C%5C%22extension%5C%22%3A%5B%7B%5C%22url%5C%22%3A%5C%22coverageInfo%5C%22%2C%5C%22valueCoding%5C%22%3A%7B%5C%22system%5C%22%3A%5C%22http%3A%5C%2F%5C%2Fhl7.org%5C%2Ffhir%5C%2Fus%5C%2Fdavinci-crd%5C%2FCodeSystem%5C%2Ftemp%5C%22%2C%5C%22code%5C%22%3A%5C%22clinical%5C%22%2C%5C%22display%5C%22%3A%5C%22Clinical%5C%22%7D%7D%2C%7B%5C%22url%5C%22%3A%5C%22coverage%5C%22%2C%5C%22valueReference%5C%22%3A%7B%5C%22reference%5C%22%3A%5C%22Coverage%5C%2Fcov015%5C%22%7D%7D%2C%7B%5C%22url%5C%22%3A%5C%22date%5C%22%2C%5C%22valueDate%5C%22%3A%5C%222025-12-16%5C%22%7D%2C%7B%5C%22url%5C%22%3A%5C%22identifier%5C%22%2C%5C%22valueString%5C%22%3A%5C%222261a0af-d18a-42c8-adbc-fc631910c9ea%5C%22%7D%2C%7B%5C%22url%5C%22%3A%5C%22doc-needed%5C%22%2C%5C%22valueCode%5C%22%3A%5C%22admin%5C%22%7D%2C%7B%5C%22url%5C%22%3A%5C%22questionnaire%5C%22%2C%5C%22valueCanonical%5C%22%3A%5C%22https%3A%5C%2F%5C%2Fcrd.davinci.hl7.org%5C%2Ffhir%5C%2Fr4%5C%2FQuestionnaire%5C%2FHospitalBedsAndAccessories%5C%22%7D%5D%7D%2C%7B%5C%22url%5C%22%3A%5C%22http%3A%5C%2F%5C%2Fhl7.org%5C%2Ffhir%5C%2Fus%5C%2Fdavinci-crd%5C%2FStructureDefinition%5C%2Fext-coverage-information%5C%22%2C%5C%22extension%5C%22%3A%5B%7B%5C%22url%5C%22%3A%5C%22coverageInfo%5C%22%2C%5C%22valueCoding%5C%22%3A%7B%5C%22system%5C%22%3A%5C%22http%3A%5C%2F%5C%2Fhl7.org%5C%2Ffhir%5C%2Fus%5C%2Fdavinci-crd%5C%2FCodeSystem%5C%2Ftemp%5C%22%2C%5C%22code%5C%22%3A%5C%22clinical%5C%22%2C%5C%22display%5C%22%3A%5C%22Clinical%5C%22%7D%7D%2C%7B%5C%22url%5C%22%3A%5C%22coverage%5C%22%2C%5C%22valueReference%5C%22%3A%7B%5C%22reference%5C%22%3A%5C%22Coverage%5C%2Fcov015%5C%22%7D%7D%2C%7B%5C%22url%5C%22%3A%5C%22date%5C%22%2C%5C%22valueDate%5C%22%3A%5C%222025-12-16%5C%22%7D%2C%7B%5C%22url%5C%22%3A%5C%22identifier%5C%22%2C%5C%22valueString%5C%22%3A%5C%225277122d-aa27-47a1-a4ca-55dd53753708%5C%22%7D%2C%7B%5C%22url%5C%22%3A%5C%22doc-needed%5C%22%2C%5C%22valueCode%5C%22%3A%5C%22admin%5C%22%7D%2C%7B%5C%22url%5C%22%3A%5C%22questionnaire%5C%22%2C%5C%22valueCanonical%5C%22%3A%5C%22https%3A%5C%2F%5C%2Fcrd.davinci.hl7.org%5C%2Ffhir%5C%2Fr4%5C%2FQuestionnaire%5C%2FHospitalBedsAndAccessories%5C%22%7D%5D%7D%5D%2C%5C%22status%5C%22%3A%5C%22draft%5C%22%2C%5C%22intent%5C%22%3A%5C%22original-order%5C%22%2C%5C%22codeCodeableConcept%5C%22%3A%7B%5C%22coding%5C%22%3A%5B%7B%5C%22system%5C%22%3A%5C%22https%3A%5C%2F%5C%2Fwww.cms.gov%5C%2FMedicare%5C%2FCoding%5C%2FHCPCSReleaseCodeSets%5C%22%2C%5C%22code%5C%22%3A%5C%22E0250%5C%22%2C%5C%22display%5C%22%3A%5C%22Hospital+bed+fixed+height+with+any+type+of+side+rails%2C+mattress%5C%22%7D%5D%7D%2C%5C%22subject%5C%22%3A%7B%5C%22reference%5C%22%3A%5C%22Patient%5C%2Fpat015%5C%22%7D%2C%5C%22authoredOn%5C%22%3A%5C%222023-01-01T00%3A00%3A00Z%5C%22%2C%5C%22requester%5C%22%3A%7B%5C%22reference%5C%22%3A%5C%22Practitioner%5C%2Fpra-hfairchild%5C%22%7D%2C%5C%22performer%5C%22%3A%7B%5C%22reference%5C%22%3A%5C%22Practitioner%5C%2Fpra1234%5C%22%7D%2C%5C%22insurance%5C%22%3A%5B%7B%5C%22reference%5C%22%3A%5C%22Coverage%5C%2Fcov015%5C%22%7D%5D%2C%5C%22note%5C%22%3A%5B%7B%5C%22authorString%5C%22%3A%5C%22Da+Vinci+CRD+Reference+Implementation%5C%22%2C%5C%22time%5C%22%3A%5C%222025-12-02T06%3A10%3A48%2B00%3A00%5C%22%2C%5C%22text%5C%22%3A%5C%22Hospital+Beds+And+Accessories%3A+Documentation+Required.%3A+Documentation+Required%2C+please+complete+form+via+Smart+App+link.%5C%22%7D%2C%7B%5C%22authorString%5C%22%3A%5C%22Da+Vinci+CRD+Reference+Implementation%5C%22%2C%5C%22time%5C%22%3A%5C%222025-12-04T16%3A49%3A25%2B00%3A00%5C%22%2C%5C%22text%5C%22%3A%5C%22Hospital+Beds+And+Accessories%3A+Documentation+Required.%3A+Documentation+Required%2C+please+complete+form+via+Smart+App+link.%5C%22%7D%2C%7B%5C%22authorString%5C%22%3A%5C%22Da+Vinci+CRD+Reference+Implementation%5C%22%2C%5C%22time%5C%22%3A%5C%222025-12-11T07%3A16%3A41%2B00%3A00%5C%22%2C%5C%22text%5C%22%3A%5C%22Hospital+Beds+And+Accessories%3A+Documentation+Required.%3A+Documentation+Required%2C+please+complete+form+via+Smart+App+link.%5C%22%7D%2C%7B%5C%22authorString%5C%22%3A%5C%22Da+Vinci+CRD+Reference+Implementation%5C%22%2C%5C%22time%5C%22%3A%5C%222025-12-15T13%3A17%3A46%2B00%3A00%5C%22%2C%5C%22text%5C%22%3A%5C%22Hospital+Beds+And+Accessories%3A+Documentation+Required.%3A+Documentation+Required%2C+please+complete+form+via+Smart+App+link.%5C%22%7D%2C%7B%5C%22authorString%5C%22%3A%5C%22Da+Vinci+CRD+Reference+Implementation%5C%22%2C%5C%22time%5C%22%3A%5C%222025-12-16T16%3A22%3A14%2B00%3A00%5C%22%2C%5C%22text%5C%22%3A%5C%22Hospital+Beds+And+Accessories%3A+Documentation+Required.%3A+Documentation+Required%2C+please+complete+form+via+Smart+App+link.%5C%22%7D%2C%7B%5C%22authorString%5C%22%3A%5C%22Da+Vinci+CRD+Reference+Implementation%5C%22%2C%5C%22time%5C%22%3A%5C%222025-12-16T20%3A36%3A43%2B00%3A00%5C%22%2C%5C%22text%5C%22%3A%5C%22Hospital+Beds+And+Accessories%3A+Documentation+Required.%3A+Documentation+Required%2C+please+complete+form+via+Smart+App+link.%5C%22%7D%5D%7D%26coverage%3DCoverage%2Fcov015"
        },
        {
          "label": "Face to Face Encounter Form",
          "url": "https://dtr.davinci.hl7.org/launch",
          "type": "smart",
          "appContext": "questionnaire%3Dhttps%3A%2F%2Fcrd.davinci.hl7.org%2Ffhir%2Fr4%2FQuestionnaire%2FHospitalBedsAndAccessoriesFaceToFace%26order%3D%7B%5C%22resourceType%5C%22%3A%5C%22DeviceRequest%5C%22%2C%5C%22id%5C%22%3A%5C%22devreq-015-e0250%5C%22%2C%5C%22meta%5C%22%3A%7B%5C%22versionId%5C%22%3A%5C%227%5C%22%2C%5C%22lastUpdated%5C%22%3A%5C%222025-12-16T20%3A37%3A06.184%2B00%3A00%5C%22%2C%5C%22profile%5C%22%3A%5B%5C%22http%3A%5C%2F%5C%2Fhl7.org%5C%2Ffhir%5C%2Fus%5C%2Fdavinci-crd%5C%2FStructureDefinition%5C%2Fprofile-devicerequest%5C%22%5D%7D%2C%5C%22extension%5C%22%3A%5B%7B%5C%22url%5C%22%3A%5C%22http%3A%5C%2F%5C%2Fhl7.org%5C%2Ffhir%5C%2Fus%5C%2Fdavinci-crd%5C%2FStructureDefinition%5C%2Fext-coverage-information%5C%22%2C%5C%22extension%5C%22%3A%5B%7B%5C%22url%5C%22%3A%5C%22coverageInfo%5C%22%2C%5C%22valueCoding%5C%22%3A%7B%5C%22system%5C%22%3A%5C%22http%3A%5C%2F%5C%2Fhl7.org%5C%2Ffhir%5C%2Fus%5C%2Fdavinci-crd%5C%2FCodeSystem%5C%2Ftemp%5C%22%2C%5C%22code%5C%22%3A%5C%22clinical%5C%22%2C%5C%22display%5C%22%3A%5C%22Clinical%5C%22%7D%7D%2C%7B%5C%22url%5C%22%3A%5C%22coverage%5C%22%2C%5C%22valueReference%5C%22%3A%7B%5C%22reference%5C%22%3A%5C%22Coverage%5C%2Fcov015%5C%22%7D%7D%2C%7B%5C%22url%5C%22%3A%5C%22date%5C%22%2C%5C%22valueDate%5C%22%3A%5C%222025-12-02%5C%22%7D%2C%7B%5C%22url%5C%22%3A%5C%22identifier%5C%22%2C%5C%22valueString%5C%22%3A%5C%22916665cd-d6f5-4aed-8143-adac17461881%5C%22%7D%2C%7B%5C%22url%5C%22%3A%5C%22doc-needed%5C%22%2C%5C%22valueCode%5C%22%3A%5C%22admin%5C%22%7D%2C%7B%5C%22url%5C%22%3A%5C%22questionnaire%5C%22%2C%5C%22valueCanonical%5C%22%3A%5C%22https%3A%5C%2F%5C%2Fcrd.davinci.hl7.org%5C%2Ffhir%5C%2Fr4%5C%2FQuestionnaire%5C%2FHospitalBedsAndAccessories%5C%22%7D%5D%7D%2C%7B%5C%22url%5C%22%3A%5C%22http%3A%5C%2F%5C%2Fhl7.org%5C%2Ffhir%5C%2Fus%5C%2Fdavinci-crd%5C%2FStructureDefinition%5C%2Fext-coverage-information%5C%22%2C%5C%22extension%5C%22%3A%5B%7B%5C%22url%5C%22%3A%5C%22coverageInfo%5C%22%2C%5C%22valueCoding%5C%22%3A%7B%5C%22system%5C%22%3A%5C%22http%3A%5C%2F%5C%2Fhl7.org%5C%2Ffhir%5C%2Fus%5C%2Fdavinci-crd%5C%2FCodeSystem%5C%2Ftemp%5C%22%2C%5C%22code%5C%22%3A%5C%22clinical%5C%22%2C%5C%22display%5C%22%3A%5C%22Clinical%5C%22%7D%7D%2C%7B%5C%22url%5C%22%3A%5C%22coverage%5C%22%2C%5C%22valueReference%5C%22%3A%7B%5C%22reference%5C%22%3A%5C%22Coverage%5C%2Fcov015%5C%22%7D%7D%2C%7B%5C%22url%5C%22%3A%5C%22date%5C%22%2C%5C%22valueDate%5C%22%3A%5C%222025-12-04%5C%22%7D%2C%7B%5C%22url%5C%22%3A%5C%22identifier%5C%22%2C%5C%22valueString%5C%22%3A%5C%22fc28b784-e57f-4246-9779-a615da5cad40%5C%22%7D%2C%7B%5C%22url%5C%22%3A%5C%22doc-needed%5C%22%2C%5C%22valueCode%5C%22%3A%5C%22admin%5C%22%7D%2C%7B%5C%22url%5C%22%3A%5C%22questionnaire%5C%22%2C%5C%22valueCanonical%5C%22%3A%5C%22https%3A%5C%2F%5C%2Fcrd.davinci.hl7.org%5C%2Ffhir%5C%2Fr4%5C%2FQuestionnaire%5C%2FHospitalBedsAndAccessories%5C%22%7D%5D%7D%2C%7B%5C%22url%5C%22%3A%5C%22http%3A%5C%2F%5C%2Fhl7.org%5C%2Ffhir%5C%2Fus%5C%2Fdavinci-crd%5C%2FStructureDefinition%5C%2Fext-coverage-information%5C%22%2C%5C%22extension%5C%22%3A%5B%7B%5C%22url%5C%22%3A%5C%22coverageInfo%5C%22%2C%5C%22valueCoding%5C%22%3A%7B%5C%22system%5C%22%3A%5C%22http%3A%5C%2F%5C%2Fhl7.org%5C%2Ffhir%5C%2Fus%5C%2Fdavinci-crd%5C%2FCodeSystem%5C%2Ftemp%5C%22%2C%5C%22code%5C%22%3A%5C%22clinical%5C%22%2C%5C%22display%5C%22%3A%5C%22Clinical%5C%22%7D%7D%2C%7B%5C%22url%5C%22%3A%5C%22coverage%5C%22%2C%5C%22valueReference%5C%22%3A%7B%5C%22reference%5C%22%3A%5C%22Coverage%5C%2Fcov015%5C%22%7D%7D%2C%7B%5C%22url%5C%22%3A%5C%22date%5C%22%2C%5C%22valueDate%5C%22%3A%5C%222025-12-11%5C%22%7D%2C%7B%5C%22url%5C%22%3A%5C%22identifier%5C%22%2C%5C%22valueString%5C%22%3A%5C%22fc533e24-fc67-4be6-8e4b-da212f8b4385%5C%22%7D%2C%7B%5C%22url%5C%22%3A%5C%22doc-needed%5C%22%2C%5C%22valueCode%5C%22%3A%5C%22admin%5C%22%7D%2C%7B%5C%22url%5C%22%3A%5C%22questionnaire%5C%22%2C%5C%22valueCanonical%5C%22%3A%5C%22https%3A%5C%2F%5C%2Fcrd.davinci.hl7.org%5C%2Ffhir%5C%2Fr4%5C%2FQuestionnaire%5C%2FHospitalBedsAndAccessories%5C%22%7D%5D%7D%2C%7B%5C%22url%5C%22%3A%5C%22http%3A%5C%2F%5C%2Fhl7.org%5C%2Ffhir%5C%2Fus%5C%2Fdavinci-crd%5C%2FStructureDefinition%5C%2Fext-coverage-information%5C%22%2C%5C%22extension%5C%22%3A%5B%7B%5C%22url%5C%22%3A%5C%22coverageInfo%5C%22%2C%5C%22valueCoding%5C%22%3A%7B%5C%22system%5C%22%3A%5C%22http%3A%5C%2F%5C%2Fhl7.org%5C%2Ffhir%5C%2Fus%5C%2Fdavinci-crd%5C%2FCodeSystem%5C%2Ftemp%5C%22%2C%5C%22code%5C%22%3A%5C%22clinical%5C%22%2C%5C%22display%5C%22%3A%5C%22Clinical%5C%22%7D%7D%2C%7B%5C%22url%5C%22%3A%5C%22coverage%5C%22%2C%5C%22valueReference%5C%22%3A%7B%5C%22reference%5C%22%3A%5C%22Coverage%5C%2Fcov015%5C%22%7D%7D%2C%7B%5C%22url%5C%22%3A%5C%22date%5C%22%2C%5C%22valueDate%5C%22%3A%5C%222025-12-15%5C%22%7D%2C%7B%5C%22url%5C%22%3A%5C%22identifier%5C%22%2C%5C%22valueString%5C%22%3A%5C%2202587d57-bc63-4fa7-999c-253ffa33cc0b%5C%22%7D%2C%7B%5C%22url%5C%22%3A%5C%22doc-needed%5C%22%2C%5C%22valueCode%5C%22%3A%5C%22admin%5C%22%7D%2C%7B%5C%22url%5C%22%3A%5C%22questionnaire%5C%22%2C%5C%22valueCanonical%5C%22%3A%5C%22https%3A%5C%2F%5C%2Fcrd.davinci.hl7.org%5C%2Ffhir%5C%2Fr4%5C%2FQuestionnaire%5C%2FHospitalBedsAndAccessories%5C%22%7D%5D%7D%2C%7B%5C%22url%5C%22%3A%5C%22http%3A%5C%2F%5C%2Fhl7.org%5C%2Ffhir%5C%2Fus%5C%2Fdavinci-crd%5C%2FStructureDefinition%5C%2Fext-coverage-information%5C%22%2C%5C%22extension%5C%22%3A%5B%7B%5C%22url%5C%22%3A%5C%22coverageInfo%5C%22%2C%5C%22valueCoding%5C%22%3A%7B%5C%22system%5C%22%3A%5C%22http%3A%5C%2F%5C%2Fhl7.org%5C%2Ffhir%5C%2Fus%5C%2Fdavinci-crd%5C%2FCodeSystem%5C%2Ftemp%5C%22%2C%5C%22code%5C%22%3A%5C%22clinical%5C%22%2C%5C%22display%5C%22%3A%5C%22Clinical%5C%22%7D%7D%2C%7B%5C%22url%5C%22%3A%5C%22coverage%5C%22%2C%5C%22valueReference%5C%22%3A%7B%5C%22reference%5C%22%3A%5C%22Coverage%5C%2Fcov015%5C%22%7D%7D%2C%7B%5C%22url%5C%22%3A%5C%22date%5C%22%2C%5C%22valueDate%5C%22%3A%5C%222025-12-16%5C%22%7D%2C%7B%5C%22url%5C%22%3A%5C%22identifier%5C%22%2C%5C%22valueString%5C%22%3A%5C%222261a0af-d18a-42c8-adbc-fc631910c9ea%5C%22%7D%2C%7B%5C%22url%5C%22%3A%5C%22doc-needed%5C%22%2C%5C%22valueCode%5C%22%3A%5C%22admin%5C%22%7D%2C%7B%5C%22url%5C%22%3A%5C%22questionnaire%5C%22%2C%5C%22valueCanonical%5C%22%3A%5C%22https%3A%5C%2F%5C%2Fcrd.davinci.hl7.org%5C%2Ffhir%5C%2Fr4%5C%2FQuestionnaire%5C%2FHospitalBedsAndAccessories%5C%22%7D%5D%7D%2C%7B%5C%22url%5C%22%3A%5C%22http%3A%5C%2F%5C%2Fhl7.org%5C%2Ffhir%5C%2Fus%5C%2Fdavinci-crd%5C%2FStructureDefinition%5C%2Fext-coverage-information%5C%22%2C%5C%22extension%5C%22%3A%5B%7B%5C%22url%5C%22%3A%5C%22coverageInfo%5C%22%2C%5C%22valueCoding%5C%22%3A%7B%5C%22system%5C%22%3A%5C%22http%3A%5C%2F%5C%2Fhl7.org%5C%2Ffhir%5C%2Fus%5C%2Fdavinci-crd%5C%2FCodeSystem%5C%2Ftemp%5C%22%2C%5C%22code%5C%22%3A%5C%22clinical%5C%22%2C%5C%22display%5C%22%3A%5C%22Clinical%5C%22%7D%7D%2C%7B%5C%22url%5C%22%3A%5C%22coverage%5C%22%2C%5C%22valueReference%5C%22%3A%7B%5C%22reference%5C%22%3A%5C%22Coverage%5C%2Fcov015%5C%22%7D%7D%2C%7B%5C%22url%5C%22%3A%5C%22date%5C%22%2C%5C%22valueDate%5C%22%3A%5C%222025-12-16%5C%22%7D%2C%7B%5C%22url%5C%22%3A%5C%22identifier%5C%22%2C%5C%22valueString%5C%22%3A%5C%225277122d-aa27-47a1-a4ca-55dd53753708%5C%22%7D%2C%7B%5C%22url%5C%22%3A%5C%22doc-needed%5C%22%2C%5C%22valueCode%5C%22%3A%5C%22admin%5C%22%7D%2C%7B%5C%22url%5C%22%3A%5C%22questionnaire%5C%22%2C%5C%22valueCanonical%5C%22%3A%5C%22https%3A%5C%2F%5C%2Fcrd.davinci.hl7.org%5C%2Ffhir%5C%2Fr4%5C%2FQuestionnaire%5C%2FHospitalBedsAndAccessories%5C%22%7D%5D%7D%5D%2C%5C%22status%5C%22%3A%5C%22draft%5C%22%2C%5C%22intent%5C%22%3A%5C%22original-order%5C%22%2C%5C%22codeCodeableConcept%5C%22%3A%7B%5C%22coding%5C%22%3A%5B%7B%5C%22system%5C%22%3A%5C%22https%3A%5C%2F%5C%2Fwww.cms.gov%5C%2FMedicare%5C%2FCoding%5C%2FHCPCSReleaseCodeSets%5C%22%2C%5C%22code%5C%22%3A%5C%22E0250%5C%22%2C%5C%22display%5C%22%3A%5C%22Hospital+bed+fixed+height+with+any+type+of+side+rails%2C+mattress%5C%22%7D%5D%7D%2C%5C%22subject%5C%22%3A%7B%5C%22reference%5C%22%3A%5C%22Patient%5C%2Fpat015%5C%22%7D%2C%5C%22authoredOn%5C%22%3A%5C%222023-01-01T00%3A00%3A00Z%5C%22%2C%5C%22requester%5C%22%3A%7B%5C%22reference%5C%22%3A%5C%22Practitioner%5C%2Fpra-hfairchild%5C%22%7D%2C%5C%22performer%5C%22%3A%7B%5C%22reference%5C%22%3A%5C%22Practitioner%5C%2Fpra1234%5C%22%7D%2C%5C%22insurance%5C%22%3A%5B%7B%5C%22reference%5C%22%3A%5C%22Coverage%5C%2Fcov015%5C%22%7D%5D%2C%5C%22note%5C%22%3A%5B%7B%5C%22authorString%5C%22%3A%5C%22Da+Vinci+CRD+Reference+Implementation%5C%22%2C%5C%22time%5C%22%3A%5C%222025-12-02T06%3A10%3A48%2B00%3A00%5C%22%2C%5C%22text%5C%22%3A%5C%22Hospital+Beds+And+Accessories%3A+Documentation+Required.%3A+Documentation+Required%2C+please+complete+form+via+Smart+App+link.%5C%22%7D%2C%7B%5C%22authorString%5C%22%3A%5C%22Da+Vinci+CRD+Reference+Implementation%5C%22%2C%5C%22time%5C%22%3A%5C%222025-12-04T16%3A49%3A25%2B00%3A00%5C%22%2C%5C%22text%5C%22%3A%5C%22Hospital+Beds+And+Accessories%3A+Documentation+Required.%3A+Documentation+Required%2C+please+complete+form+via+Smart+App+link.%5C%22%7D%2C%7B%5C%22authorString%5C%22%3A%5C%22Da+Vinci+CRD+Reference+Implementation%5C%22%2C%5C%22time%5C%22%3A%5C%222025-12-11T07%3A16%3A41%2B00%3A00%5C%22%2C%5C%22text%5C%22%3A%5C%22Hospital+Beds+And+Accessories%3A+Documentation+Required.%3A+Documentation+Required%2C+please+complete+form+via+Smart+App+link.%5C%22%7D%2C%7B%5C%22authorString%5C%22%3A%5C%22Da+Vinci+CRD+Reference+Implementation%5C%22%2C%5C%22time%5C%22%3A%5C%222025-12-15T13%3A17%3A46%2B00%3A00%5C%22%2C%5C%22text%5C%22%3A%5C%22Hospital+Beds+And+Accessories%3A+Documentation+Required.%3A+Documentation+Required%2C+please+complete+form+via+Smart+App+link.%5C%22%7D%2C%7B%5C%22authorString%5C%22%3A%5C%22Da+Vinci+CRD+Reference+Implementation%5C%22%2C%5C%22time%5C%22%3A%5C%222025-12-16T16%3A22%3A14%2B00%3A00%5C%22%2C%5C%22text%5C%22%3A%5C%22Hospital+Beds+And+Accessories%3A+Documentation+Required.%3A+Documentation+Required%2C+please+complete+form+via+Smart+App+link.%5C%22%7D%2C%7B%5C%22authorString%5C%22%3A%5C%22Da+Vinci+CRD+Reference+Implementation%5C%22%2C%5C%22time%5C%22%3A%5C%222025-12-16T20%3A36%3A43%2B00%3A00%5C%22%2C%5C%22text%5C%22%3A%5C%22Hospital+Beds+And+Accessories%3A+Documentation+Required.%3A+Documentation+Required%2C+please+complete+form+via+Smart+App+link.%5C%22%7D%5D%7D%26coverage%3DCoverage%2Fcov015"
        }
      ],
      "extension": {
        "davinci-associated-resource": [
          "http://crd-test.davinci.hl7.org/test-ehr/r4/DeviceRequest/devreq-015-e0250/_history/7"
        ]
      }
    },
    {
      "uuid": "da94998d-94d0-4267-b808-96629b255de2",
      "summary": "Hospital Beds And Accessories: Documentation Required.",
      "detail": "Documentation Required, please complete form via Smart App link.",
      "indicator": "info",
      "source": {
        "label": "Da Vinci CRD Reference Implementation",
        "url": null,
        "icon": null,
        "topic": {
          "code": "dtr-clin",
          "system": "http://hl7.org/fhir/us/davinci-crd/CodeSystem/cardType",
          "display": "DTR Clin"
        }
      },
      "suggestions": [
        {
          "label": "Save Update To EHR",
          "uuid": "0edb17f7-4fad-4bb3-92fa-0acc2ec8b1d7",
          "actions": [
            {
              "type": "update",
              "description": "Update original DeviceRequest to add note",
              "resource": {
                "requester": {
                  "reference": "Practitioner/pra-hfairchild"
                },
                "insurance": [
                  {
                    "reference": "Coverage/cov015"
                  }
                ],
                "note": [
                  {
                    "authorString": "Da Vinci CRD Reference Implementation",
                    "time": "2025-12-02T06:10:48+00:00",
                    "text": "Hospital Beds And Accessories: Documentation Required.: Documentation Required, please complete form via Smart App link."
                  },
                  {
                    "authorString": "Da Vinci CRD Reference Implementation",
                    "time": "2025-12-04T16:49:25+00:00",
                    "text": "Hospital Beds And Accessories: Documentation Required.: Documentation Required, please complete form via Smart App link."
                  },
                  {
                    "authorString": "Da Vinci CRD Reference Implementation",
                    "time": "2025-12-11T07:16:41+00:00",
                    "text": "Hospital Beds And Accessories: Documentation Required.: Documentation Required, please complete form via Smart App link."
                  },
                  {
                    "authorString": "Da Vinci CRD Reference Implementation",
                    "time": "2025-12-15T13:17:46+00:00",
                    "text": "Hospital Beds And Accessories: Documentation Required.: Documentation Required, please complete form via Smart App link."
                  },
                  {
                    "authorString": "Da Vinci CRD Reference Implementation",
                    "time": "2025-12-16T16:22:14+00:00",
                    "text": "Hospital Beds And Accessories: Documentation Required.: Documentation Required, please complete form via Smart App link."
                  },
                  {
                    "authorString": "Da Vinci CRD Reference Implementation",
                    "time": "2025-12-16T20:36:43+00:00",
                    "text": "Hospital Beds And Accessories: Documentation Required.: Documentation Required, please complete form via Smart App link."
                  },
                  {
                    "authorString": "Da Vinci CRD Reference Implementation",
                    "time": "2026-01-02T13:37:46+00:00",
                    "text": "Hospital Beds And Accessories: Documentation Required.: Documentation Required, please complete form via Smart App link."
                  }
                ],
                "extension": [
                  {
                    "url": "http://hl7.org/fhir/us/davinci-crd/StructureDefinition/ext-coverage-information",
                    "extension": [
                      {
                        "url": "coverageInfo",
                        "valueCoding": {
                          "system": "http://hl7.org/fhir/us/davinci-crd/CodeSystem/temp",
                          "code": "clinical",
                          "display": "Clinical"
                        }
                      },
                      {
                        "url": "coverage",
                        "valueReference": {
                          "reference": "Coverage/cov015"
                        }
                      },
                      {
                        "url": "date",
                        "valueDate": "2025-12-02"
                      },
                      {
                        "url": "identifier",
                        "valueString": "916665cd-d6f5-4aed-8143-adac17461881"
                      },
                      {
                        "url": "doc-needed",
                        "valueCode": "admin"
                      },
                      {
                        "url": "questionnaire",
                        "valueCanonical": "https://crd.davinci.hl7.org/fhir/r4/Questionnaire/HospitalBedsAndAccessories"
                      }
                    ]
                  },
                  {
                    "url": "http://hl7.org/fhir/us/davinci-crd/StructureDefinition/ext-coverage-information",
                    "extension": [
                      {
                        "url": "coverageInfo",
                        "valueCoding": {
                          "system": "http://hl7.org/fhir/us/davinci-crd/CodeSystem/temp",
                          "code": "clinical",
                          "display": "Clinical"
                        }
                      },
                      {
                        "url": "coverage",
                        "valueReference": {
                          "reference": "Coverage/cov015"
                        }
                      },
                      {
                        "url": "date",
                        "valueDate": "2025-12-04"
                      },
                      {
                        "url": "identifier",
                        "valueString": "fc28b784-e57f-4246-9779-a615da5cad40"
                      },
                      {
                        "url": "doc-needed",
                        "valueCode": "admin"
                      },
                      {
                        "url": "questionnaire",
                        "valueCanonical": "https://crd.davinci.hl7.org/fhir/r4/Questionnaire/HospitalBedsAndAccessories"
                      }
                    ]
                  },
                  {
                    "url": "http://hl7.org/fhir/us/davinci-crd/StructureDefinition/ext-coverage-information",
                    "extension": [
                      {
                        "url": "coverageInfo",
                        "valueCoding": {
                          "system": "http://hl7.org/fhir/us/davinci-crd/CodeSystem/temp",
                          "code": "clinical",
                          "display": "Clinical"
                        }
                      },
                      {
                        "url": "coverage",
                        "valueReference": {
                          "reference": "Coverage/cov015"
                        }
                      },
                      {
                        "url": "date",
                        "valueDate": "2025-12-11"
                      },
                      {
                        "url": "identifier",
                        "valueString": "fc533e24-fc67-4be6-8e4b-da212f8b4385"
                      },
                      {
                        "url": "doc-needed",
                        "valueCode": "admin"
                      },
                      {
                        "url": "questionnaire",
                        "valueCanonical": "https://crd.davinci.hl7.org/fhir/r4/Questionnaire/HospitalBedsAndAccessories"
                      }
                    ]
                  },
                  {
                    "url": "http://hl7.org/fhir/us/davinci-crd/StructureDefinition/ext-coverage-information",
                    "extension": [
                      {
                        "url": "coverageInfo",
                        "valueCoding": {
                          "system": "http://hl7.org/fhir/us/davinci-crd/CodeSystem/temp",
                          "code": "clinical",
                          "display": "Clinical"
                        }
                      },
                      {
                        "url": "coverage",
                        "valueReference": {
                          "reference": "Coverage/cov015"
                        }
                      },
                      {
                        "url": "date",
                        "valueDate": "2025-12-15"
                      },
                      {
                        "url": "identifier",
                        "valueString": "02587d57-bc63-4fa7-999c-253ffa33cc0b"
                      },
                      {
                        "url": "doc-needed",
                        "valueCode": "admin"
                      },
                      {
                        "url": "questionnaire",
                        "valueCanonical": "https://crd.davinci.hl7.org/fhir/r4/Questionnaire/HospitalBedsAndAccessories"
                      }
                    ]
                  },
                  {
                    "url": "http://hl7.org/fhir/us/davinci-crd/StructureDefinition/ext-coverage-information",
                    "extension": [
                      {
                        "url": "coverageInfo",
                        "valueCoding": {
                          "system": "http://hl7.org/fhir/us/davinci-crd/CodeSystem/temp",
                          "code": "clinical",
                          "display": "Clinical"
                        }
                      },
                      {
                        "url": "coverage",
                        "valueReference": {
                          "reference": "Coverage/cov015"
                        }
                      },
                      {
                        "url": "date",
                        "valueDate": "2025-12-16"
                      },
                      {
                        "url": "identifier",
                        "valueString": "2261a0af-d18a-42c8-adbc-fc631910c9ea"
                      },
                      {
                        "url": "doc-needed",
                        "valueCode": "admin"
                      },
                      {
                        "url": "questionnaire",
                        "valueCanonical": "https://crd.davinci.hl7.org/fhir/r4/Questionnaire/HospitalBedsAndAccessories"
                      }
                    ]
                  },
                  {
                    "url": "http://hl7.org/fhir/us/davinci-crd/StructureDefinition/ext-coverage-information",
                    "extension": [
                      {
                        "url": "coverageInfo",
                        "valueCoding": {
                          "system": "http://hl7.org/fhir/us/davinci-crd/CodeSystem/temp",
                          "code": "clinical",
                          "display": "Clinical"
                        }
                      },
                      {
                        "url": "coverage",
                        "valueReference": {
                          "reference": "Coverage/cov015"
                        }
                      },
                      {
                        "url": "date",
                        "valueDate": "2025-12-16"
                      },
                      {
                        "url": "identifier",
                        "valueString": "5277122d-aa27-47a1-a4ca-55dd53753708"
                      },
                      {
                        "url": "doc-needed",
                        "valueCode": "admin"
                      },
                      {
                        "url": "questionnaire",
                        "valueCanonical": "https://crd.davinci.hl7.org/fhir/r4/Questionnaire/HospitalBedsAndAccessories"
                      }
                    ]
                  },
                  {
                    "url": "http://hl7.org/fhir/us/davinci-crd/StructureDefinition/ext-coverage-information",
                    "extension": [
                      {
                        "url": "coverageInfo",
                        "valueCoding": {
                          "system": "http://hl7.org/fhir/us/davinci-crd/CodeSystem/temp",
                          "code": "clinical",
                          "display": "Clinical"
                        }
                      },
                      {
                        "url": "coverage",
                        "valueReference": {
                          "reference": "Coverage/cov015"
                        }
                      },
                      {
                        "url": "date",
                        "valueDate": "2026-01-02"
                      },
                      {
                        "url": "identifier",
                        "valueString": "418243c2-69e0-45fe-b346-6e6696d024e4"
                      },
                      {
                        "url": "doc-needed",
                        "valueCode": "admin"
                      },
                      {
                        "url": "questionnaire",
                        "valueCanonical": "https://crd.davinci.hl7.org/fhir/r4/Questionnaire/HospitalBedsAndAccessories"
                      }
                    ]
                  }
                ],
                "authoredOn": "2023-01-01T00:00:00Z",
                "performer": {
                  "reference": "Practitioner/pra1234"
                },
                "subject": {
                  "reference": "Patient/pat015"
                },
                "intent": "original-order",
                "meta": {
                  "versionId": "7",
                  "lastUpdated": "2025-12-16T20:37:06.184+00:00",
                  "profile": [
                    "http://hl7.org/fhir/us/davinci-crd/StructureDefinition/profile-devicerequest"
                  ]
                },
                "id": "devreq-015-e0250",
                "codeCodeableConcept": {
                  "coding": [
                    {
                      "system": "https://www.cms.gov/Medicare/Coding/HCPCSReleaseCodeSets",
                      "code": "E0250",
                      "display": "Hospital bed fixed height with any type of side rails, mattress"
                    }
                  ]
                },
                "resourceType": "DeviceRequest",
                "status": "draft"
              },
              "resourceId": "DeviceRequest/devreq-015-e0250"
            }
          ],
          "isRecommended": true
        }
      ],
      "selectionBehavior": null,
      "links": [
        {
          "label": "Documentation Requirements",
          "url": "https://www.cms.gov/Outreach-and-Education/Medicare-Learning-Network-MLN/MLNProducts/Downloads/ProviderComplianceTipsforHospitalBedsandAccessories-ICN909476.pdf",
          "type": "absolute",
          "appContext": null
        },
        {
          "label": "Order Form",
          "url": "https://dtr.davinci.hl7.org/launch",
          "type": "smart",
          "appContext": "questionnaire%3Dhttps%3A%2F%2Fcrd.davinci.hl7.org%2Ffhir%2Fr4%2FQuestionnaire%2FHospitalBedsAndAccessories%26order%3D%7B%5C%22resourceType%5C%22%3A%5C%22DeviceRequest%5C%22%2C%5C%22id%5C%22%3A%5C%22devreq-015-e0250%5C%22%2C%5C%22meta%5C%22%3A%7B%5C%22versionId%5C%22%3A%5C%227%5C%22%2C%5C%22lastUpdated%5C%22%3A%5C%222025-12-16T20%3A37%3A06.184%2B00%3A00%5C%22%2C%5C%22profile%5C%22%3A%5B%5C%22http%3A%5C%2F%5C%2Fhl7.org%5C%2Ffhir%5C%2Fus%5C%2Fdavinci-crd%5C%2FStructureDefinition%5C%2Fprofile-devicerequest%5C%22%5D%7D%2C%5C%22extension%5C%22%3A%5B%7B%5C%22url%5C%22%3A%5C%22http%3A%5C%2F%5C%2Fhl7.org%5C%2Ffhir%5C%2Fus%5C%2Fdavinci-crd%5C%2FStructureDefinition%5C%2Fext-coverage-information%5C%22%2C%5C%22extension%5C%22%3A%5B%7B%5C%22url%5C%22%3A%5C%22coverageInfo%5C%22%2C%5C%22valueCoding%5C%22%3A%7B%5C%22system%5C%22%3A%5C%22http%3A%5C%2F%5C%2Fhl7.org%5C%2Ffhir%5C%2Fus%5C%2Fdavinci-crd%5C%2FCodeSystem%5C%2Ftemp%5C%22%2C%5C%22code%5C%22%3A%5C%22clinical%5C%22%2C%5C%22display%5C%22%3A%5C%22Clinical%5C%22%7D%7D%2C%7B%5C%22url%5C%22%3A%5C%22coverage%5C%22%2C%5C%22valueReference%5C%22%3A%7B%5C%22reference%5C%22%3A%5C%22Coverage%5C%2Fcov015%5C%22%7D%7D%2C%7B%5C%22url%5C%22%3A%5C%22date%5C%22%2C%5C%22valueDate%5C%22%3A%5C%222025-12-02%5C%22%7D%2C%7B%5C%22url%5C%22%3A%5C%22identifier%5C%22%2C%5C%22valueString%5C%22%3A%5C%22916665cd-d6f5-4aed-8143-adac17461881%5C%22%7D%2C%7B%5C%22url%5C%22%3A%5C%22doc-needed%5C%22%2C%5C%22valueCode%5C%22%3A%5C%22admin%5C%22%7D%2C%7B%5C%22url%5C%22%3A%5C%22questionnaire%5C%22%2C%5C%22valueCanonical%5C%22%3A%5C%22https%3A%5C%2F%5C%2Fcrd.davinci.hl7.org%5C%2Ffhir%5C%2Fr4%5C%2FQuestionnaire%5C%2FHospitalBedsAndAccessories%5C%22%7D%5D%7D%2C%7B%5C%22url%5C%22%3A%5C%22http%3A%5C%2F%5C%2Fhl7.org%5C%2Ffhir%5C%2Fus%5C%2Fdavinci-crd%5C%2FStructureDefinition%5C%2Fext-coverage-information%5C%22%2C%5C%22extension%5C%22%3A%5B%7B%5C%22url%5C%22%3A%5C%22coverageInfo%5C%22%2C%5C%22valueCoding%5C%22%3A%7B%5C%22system%5C%22%3A%5C%22http%3A%5C%2F%5C%2Fhl7.org%5C%2Ffhir%5C%2Fus%5C%2Fdavinci-crd%5C%2FCodeSystem%5C%2Ftemp%5C%22%2C%5C%22code%5C%22%3A%5C%22clinical%5C%22%2C%5C%22display%5C%22%3A%5C%22Clinical%5C%22%7D%7D%2C%7B%5C%22url%5C%22%3A%5C%22coverage%5C%22%2C%5C%22valueReference%5C%22%3A%7B%5C%22reference%5C%22%3A%5C%22Coverage%5C%2Fcov015%5C%22%7D%7D%2C%7B%5C%22url%5C%22%3A%5C%22date%5C%22%2C%5C%22valueDate%5C%22%3A%5C%222025-12-04%5C%22%7D%2C%7B%5C%22url%5C%22%3A%5C%22identifier%5C%22%2C%5C%22valueString%5C%22%3A%5C%22fc28b784-e57f-4246-9779-a615da5cad40%5C%22%7D%2C%7B%5C%22url%5C%22%3A%5C%22doc-needed%5C%22%2C%5C%22valueCode%5C%22%3A%5C%22admin%5C%22%7D%2C%7B%5C%22url%5C%22%3A%5C%22questionnaire%5C%22%2C%5C%22valueCanonical%5C%22%3A%5C%22https%3A%5C%2F%5C%2Fcrd.davinci.hl7.org%5C%2Ffhir%5C%2Fr4%5C%2FQuestionnaire%5C%2FHospitalBedsAndAccessories%5C%22%7D%5D%7D%2C%7B%5C%22url%5C%22%3A%5C%22http%3A%5C%2F%5C%2Fhl7.org%5C%2Ffhir%5C%2Fus%5C%2Fdavinci-crd%5C%2FStructureDefinition%5C%2Fext-coverage-information%5C%22%2C%5C%22extension%5C%22%3A%5B%7B%5C%22url%5C%22%3A%5C%22coverageInfo%5C%22%2C%5C%22valueCoding%5C%22%3A%7B%5C%22system%5C%22%3A%5C%22http%3A%5C%2F%5C%2Fhl7.org%5C%2Ffhir%5C%2Fus%5C%2Fdavinci-crd%5C%2FCodeSystem%5C%2Ftemp%5C%22%2C%5C%22code%5C%22%3A%5C%22clinical%5C%22%2C%5C%22display%5C%22%3A%5C%22Clinical%5C%22%7D%7D%2C%7B%5C%22url%5C%22%3A%5C%22coverage%5C%22%2C%5C%22valueReference%5C%22%3A%7B%5C%22reference%5C%22%3A%5C%22Coverage%5C%2Fcov015%5C%22%7D%7D%2C%7B%5C%22url%5C%22%3A%5C%22date%5C%22%2C%5C%22valueDate%5C%22%3A%5C%222025-12-11%5C%22%7D%2C%7B%5C%22url%5C%22%3A%5C%22identifier%5C%22%2C%5C%22valueString%5C%22%3A%5C%22fc533e24-fc67-4be6-8e4b-da212f8b4385%5C%22%7D%2C%7B%5C%22url%5C%22%3A%5C%22doc-needed%5C%22%2C%5C%22valueCode%5C%22%3A%5C%22admin%5C%22%7D%2C%7B%5C%22url%5C%22%3A%5C%22questionnaire%5C%22%2C%5C%22valueCanonical%5C%22%3A%5C%22https%3A%5C%2F%5C%2Fcrd.davinci.hl7.org%5C%2Ffhir%5C%2Fr4%5C%2FQuestionnaire%5C%2FHospitalBedsAndAccessories%5C%22%7D%5D%7D%2C%7B%5C%22url%5C%22%3A%5C%22http%3A%5C%2F%5C%2Fhl7.org%5C%2Ffhir%5C%2Fus%5C%2Fdavinci-crd%5C%2FStructureDefinition%5C%2Fext-coverage-information%5C%22%2C%5C%22extension%5C%22%3A%5B%7B%5C%22url%5C%22%3A%5C%22coverageInfo%5C%22%2C%5C%22valueCoding%5C%22%3A%7B%5C%22system%5C%22%3A%5C%22http%3A%5C%2F%5C%2Fhl7.org%5C%2Ffhir%5C%2Fus%5C%2Fdavinci-crd%5C%2FCodeSystem%5C%2Ftemp%5C%22%2C%5C%22code%5C%22%3A%5C%22clinical%5C%22%2C%5C%22display%5C%22%3A%5C%22Clinical%5C%22%7D%7D%2C%7B%5C%22url%5C%22%3A%5C%22coverage%5C%22%2C%5C%22valueReference%5C%22%3A%7B%5C%22reference%5C%22%3A%5C%22Coverage%5C%2Fcov015%5C%22%7D%7D%2C%7B%5C%22url%5C%22%3A%5C%22date%5C%22%2C%5C%22valueDate%5C%22%3A%5C%222025-12-15%5C%22%7D%2C%7B%5C%22url%5C%22%3A%5C%22identifier%5C%22%2C%5C%22valueString%5C%22%3A%5C%2202587d57-bc63-4fa7-999c-253ffa33cc0b%5C%22%7D%2C%7B%5C%22url%5C%22%3A%5C%22doc-needed%5C%22%2C%5C%22valueCode%5C%22%3A%5C%22admin%5C%22%7D%2C%7B%5C%22url%5C%22%3A%5C%22questionnaire%5C%22%2C%5C%22valueCanonical%5C%22%3A%5C%22https%3A%5C%2F%5C%2Fcrd.davinci.hl7.org%5C%2Ffhir%5C%2Fr4%5C%2FQuestionnaire%5C%2FHospitalBedsAndAccessories%5C%22%7D%5D%7D%2C%7B%5C%22url%5C%22%3A%5C%22http%3A%5C%2F%5C%2Fhl7.org%5C%2Ffhir%5C%2Fus%5C%2Fdavinci-crd%5C%2FStructureDefinition%5C%2Fext-coverage-information%5C%22%2C%5C%22extension%5C%22%3A%5B%7B%5C%22url%5C%22%3A%5C%22coverageInfo%5C%22%2C%5C%22valueCoding%5C%22%3A%7B%5C%22system%5C%22%3A%5C%22http%3A%5C%2F%5C%2Fhl7.org%5C%2Ffhir%5C%2Fus%5C%2Fdavinci-crd%5C%2FCodeSystem%5C%2Ftemp%5C%22%2C%5C%22code%5C%22%3A%5C%22clinical%5C%22%2C%5C%22display%5C%22%3A%5C%22Clinical%5C%22%7D%7D%2C%7B%5C%22url%5C%22%3A%5C%22coverage%5C%22%2C%5C%22valueReference%5C%22%3A%7B%5C%22reference%5C%22%3A%5C%22Coverage%5C%2Fcov015%5C%22%7D%7D%2C%7B%5C%22url%5C%22%3A%5C%22date%5C%22%2C%5C%22valueDate%5C%22%3A%5C%222025-12-16%5C%22%7D%2C%7B%5C%22url%5C%22%3A%5C%22identifier%5C%22%2C%5C%22valueString%5C%22%3A%5C%222261a0af-d18a-42c8-adbc-fc631910c9ea%5C%22%7D%2C%7B%5C%22url%5C%22%3A%5C%22doc-needed%5C%22%2C%5C%22valueCode%5C%22%3A%5C%22admin%5C%22%7D%2C%7B%5C%22url%5C%22%3A%5C%22questionnaire%5C%22%2C%5C%22valueCanonical%5C%22%3A%5C%22https%3A%5C%2F%5C%2Fcrd.davinci.hl7.org%5C%2Ffhir%5C%2Fr4%5C%2FQuestionnaire%5C%2FHospitalBedsAndAccessories%5C%22%7D%5D%7D%2C%7B%5C%22url%5C%22%3A%5C%22http%3A%5C%2F%5C%2Fhl7.org%5C%2Ffhir%5C%2Fus%5C%2Fdavinci-crd%5C%2FStructureDefinition%5C%2Fext-coverage-information%5C%22%2C%5C%22extension%5C%22%3A%5B%7B%5C%22url%5C%22%3A%5C%22coverageInfo%5C%22%2C%5C%22valueCoding%5C%22%3A%7B%5C%22system%5C%22%3A%5C%22http%3A%5C%2F%5C%2Fhl7.org%5C%2Ffhir%5C%2Fus%5C%2Fdavinci-crd%5C%2FCodeSystem%5C%2Ftemp%5C%22%2C%5C%22code%5C%22%3A%5C%22clinical%5C%22%2C%5C%22display%5C%22%3A%5C%22Clinical%5C%22%7D%7D%2C%7B%5C%22url%5C%22%3A%5C%22coverage%5C%22%2C%5C%22valueReference%5C%22%3A%7B%5C%22reference%5C%22%3A%5C%22Coverage%5C%2Fcov015%5C%22%7D%7D%2C%7B%5C%22url%5C%22%3A%5C%22date%5C%22%2C%5C%22valueDate%5C%22%3A%5C%222025-12-16%5C%22%7D%2C%7B%5C%22url%5C%22%3A%5C%22identifier%5C%22%2C%5C%22valueString%5C%22%3A%5C%225277122d-aa27-47a1-a4ca-55dd53753708%5C%22%7D%2C%7B%5C%22url%5C%22%3A%5C%22doc-needed%5C%22%2C%5C%22valueCode%5C%22%3A%5C%22admin%5C%22%7D%2C%7B%5C%22url%5C%22%3A%5C%22questionnaire%5C%22%2C%5C%22valueCanonical%5C%22%3A%5C%22https%3A%5C%2F%5C%2Fcrd.davinci.hl7.org%5C%2Ffhir%5C%2Fr4%5C%2FQuestionnaire%5C%2FHospitalBedsAndAccessories%5C%22%7D%5D%7D%5D%2C%5C%22status%5C%22%3A%5C%22draft%5C%22%2C%5C%22intent%5C%22%3A%5C%22original-order%5C%22%2C%5C%22codeCodeableConcept%5C%22%3A%7B%5C%22coding%5C%22%3A%5B%7B%5C%22system%5C%22%3A%5C%22https%3A%5C%2F%5C%2Fwww.cms.gov%5C%2FMedicare%5C%2FCoding%5C%2FHCPCSReleaseCodeSets%5C%22%2C%5C%22code%5C%22%3A%5C%22E0250%5C%22%2C%5C%22display%5C%22%3A%5C%22Hospital+bed+fixed+height+with+any+type+of+side+rails%2C+mattress%5C%22%7D%5D%7D%2C%5C%22subject%5C%22%3A%7B%5C%22reference%5C%22%3A%5C%22Patient%5C%2Fpat015%5C%22%7D%2C%5C%22authoredOn%5C%22%3A%5C%222023-01-01T00%3A00%3A00Z%5C%22%2C%5C%22requester%5C%22%3A%7B%5C%22reference%5C%22%3A%5C%22Practitioner%5C%2Fpra-hfairchild%5C%22%7D%2C%5C%22performer%5C%22%3A%7B%5C%22reference%5C%22%3A%5C%22Practitioner%5C%2Fpra1234%5C%22%7D%2C%5C%22insurance%5C%22%3A%5B%7B%5C%22reference%5C%22%3A%5C%22Coverage%5C%2Fcov015%5C%22%7D%5D%2C%5C%22note%5C%22%3A%5B%7B%5C%22authorString%5C%22%3A%5C%22Da+Vinci+CRD+Reference+Implementation%5C%22%2C%5C%22time%5C%22%3A%5C%222025-12-02T06%3A10%3A48%2B00%3A00%5C%22%2C%5C%22text%5C%22%3A%5C%22Hospital+Beds+And+Accessories%3A+Documentation+Required.%3A+Documentation+Required%2C+please+complete+form+via+Smart+App+link.%5C%22%7D%2C%7B%5C%22authorString%5C%22%3A%5C%22Da+Vinci+CRD+Reference+Implementation%5C%22%2C%5C%22time%5C%22%3A%5C%222025-12-04T16%3A49%3A25%2B00%3A00%5C%22%2C%5C%22text%5C%22%3A%5C%22Hospital+Beds+And+Accessories%3A+Documentation+Required.%3A+Documentation+Required%2C+please+complete+form+via+Smart+App+link.%5C%22%7D%2C%7B%5C%22authorString%5C%22%3A%5C%22Da+Vinci+CRD+Reference+Implementation%5C%22%2C%5C%22time%5C%22%3A%5C%222025-12-11T07%3A16%3A41%2B00%3A00%5C%22%2C%5C%22text%5C%22%3A%5C%22Hospital+Beds+And+Accessories%3A+Documentation+Required.%3A+Documentation+Required%2C+please+complete+form+via+Smart+App+link.%5C%22%7D%2C%7B%5C%22authorString%5C%22%3A%5C%22Da+Vinci+CRD+Reference+Implementation%5C%22%2C%5C%22time%5C%22%3A%5C%222025-12-15T13%3A17%3A46%2B00%3A00%5C%22%2C%5C%22text%5C%22%3A%5C%22Hospital+Beds+And+Accessories%3A+Documentation+Required.%3A+Documentation+Required%2C+please+complete+form+via+Smart+App+link.%5C%22%7D%2C%7B%5C%22authorString%5C%22%3A%5C%22Da+Vinci+CRD+Reference+Implementation%5C%22%2C%5C%22time%5C%22%3A%5C%222025-12-16T16%3A22%3A14%2B00%3A00%5C%22%2C%5C%22text%5C%22%3A%5C%22Hospital+Beds+And+Accessories%3A+Documentation+Required.%3A+Documentation+Required%2C+please+complete+form+via+Smart+App+link.%5C%22%7D%2C%7B%5C%22authorString%5C%22%3A%5C%22Da+Vinci+CRD+Reference+Implementation%5C%22%2C%5C%22time%5C%22%3A%5C%222025-12-16T20%3A36%3A43%2B00%3A00%5C%22%2C%5C%22text%5C%22%3A%5C%22Hospital+Beds+And+Accessories%3A+Documentation+Required.%3A+Documentation+Required%2C+please+complete+form+via+Smart+App+link.%5C%22%7D%5D%7D%26coverage%3DCoverage%2Fcov015"
        },
        {
          "label": "Face to Face Encounter Form",
          "url": "https://dtr.davinci.hl7.org/launch",
          "type": "smart",
          "appContext": "questionnaire%3Dhttps%3A%2F%2Fcrd.davinci.hl7.org%2Ffhir%2Fr4%2FQuestionnaire%2FHospitalBedsAndAccessoriesFaceToFace%26order%3D%7B%5C%22resourceType%5C%22%3A%5C%22DeviceRequest%5C%22%2C%5C%22id%5C%22%3A%5C%22devreq-015-e0250%5C%22%2C%5C%22meta%5C%22%3A%7B%5C%22versionId%5C%22%3A%5C%227%5C%22%2C%5C%22lastUpdated%5C%22%3A%5C%222025-12-16T20%3A37%3A06.184%2B00%3A00%5C%22%2C%5C%22profile%5C%22%3A%5B%5C%22http%3A%5C%2F%5C%2Fhl7.org%5C%2Ffhir%5C%2Fus%5C%2Fdavinci-crd%5C%2FStructureDefinition%5C%2Fprofile-devicerequest%5C%22%5D%7D%2C%5C%22extension%5C%22%3A%5B%7B%5C%22url%5C%22%3A%5C%22http%3A%5C%2F%5C%2Fhl7.org%5C%2Ffhir%5C%2Fus%5C%2Fdavinci-crd%5C%2FStructureDefinition%5C%2Fext-coverage-information%5C%22%2C%5C%22extension%5C%22%3A%5B%7B%5C%22url%5C%22%3A%5C%22coverageInfo%5C%22%2C%5C%22valueCoding%5C%22%3A%7B%5C%22system%5C%22%3A%5C%22http%3A%5C%2F%5C%2Fhl7.org%5C%2Ffhir%5C%2Fus%5C%2Fdavinci-crd%5C%2FCodeSystem%5C%2Ftemp%5C%22%2C%5C%22code%5C%22%3A%5C%22clinical%5C%22%2C%5C%22display%5C%22%3A%5C%22Clinical%5C%22%7D%7D%2C%7B%5C%22url%5C%22%3A%5C%22coverage%5C%22%2C%5C%22valueReference%5C%22%3A%7B%5C%22reference%5C%22%3A%5C%22Coverage%5C%2Fcov015%5C%22%7D%7D%2C%7B%5C%22url%5C%22%3A%5C%22date%5C%22%2C%5C%22valueDate%5C%22%3A%5C%222025-12-02%5C%22%7D%2C%7B%5C%22url%5C%22%3A%5C%22identifier%5C%22%2C%5C%22valueString%5C%22%3A%5C%22916665cd-d6f5-4aed-8143-adac17461881%5C%22%7D%2C%7B%5C%22url%5C%22%3A%5C%22doc-needed%5C%22%2C%5C%22valueCode%5C%22%3A%5C%22admin%5C%22%7D%2C%7B%5C%22url%5C%22%3A%5C%22questionnaire%5C%22%2C%5C%22valueCanonical%5C%22%3A%5C%22https%3A%5C%2F%5C%2Fcrd.davinci.hl7.org%5C%2Ffhir%5C%2Fr4%5C%2FQuestionnaire%5C%2FHospitalBedsAndAccessories%5C%22%7D%5D%7D%2C%7B%5C%22url%5C%22%3A%5C%22http%3A%5C%2F%5C%2Fhl7.org%5C%2Ffhir%5C%2Fus%5C%2Fdavinci-crd%5C%2FStructureDefinition%5C%2Fext-coverage-information%5C%22%2C%5C%22extension%5C%22%3A%5B%7B%5C%22url%5C%22%3A%5C%22coverageInfo%5C%22%2C%5C%22valueCoding%5C%22%3A%7B%5C%22system%5C%22%3A%5C%22http%3A%5C%2F%5C%2Fhl7.org%5C%2Ffhir%5C%2Fus%5C%2Fdavinci-crd%5C%2FCodeSystem%5C%2Ftemp%5C%22%2C%5C%22code%5C%22%3A%5C%22clinical%5C%22%2C%5C%22display%5C%22%3A%5C%22Clinical%5C%22%7D%7D%2C%7B%5C%22url%5C%22%3A%5C%22coverage%5C%22%2C%5C%22valueReference%5C%22%3A%7B%5C%22reference%5C%22%3A%5C%22Coverage%5C%2Fcov015%5C%22%7D%7D%2C%7B%5C%22url%5C%22%3A%5C%22date%5C%22%2C%5C%22valueDate%5C%22%3A%5C%222025-12-04%5C%22%7D%2C%7B%5C%22url%5C%22%3A%5C%22identifier%5C%22%2C%5C%22valueString%5C%22%3A%5C%22fc28b784-e57f-4246-9779-a615da5cad40%5C%22%7D%2C%7B%5C%22url%5C%22%3A%5C%22doc-needed%5C%22%2C%5C%22valueCode%5C%22%3A%5C%22admin%5C%22%7D%2C%7B%5C%22url%5C%22%3A%5C%22questionnaire%5C%22%2C%5C%22valueCanonical%5C%22%3A%5C%22https%3A%5C%2F%5C%2Fcrd.davinci.hl7.org%5C%2Ffhir%5C%2Fr4%5C%2FQuestionnaire%5C%2FHospitalBedsAndAccessories%5C%22%7D%5D%7D%2C%7B%5C%22url%5C%22%3A%5C%22http%3A%5C%2F%5C%2Fhl7.org%5C%2Ffhir%5C%2Fus%5C%2Fdavinci-crd%5C%2FStructureDefinition%5C%2Fext-coverage-information%5C%22%2C%5C%22extension%5C%22%3A%5B%7B%5C%22url%5C%22%3A%5C%22coverageInfo%5C%22%2C%5C%22valueCoding%5C%22%3A%7B%5C%22system%5C%22%3A%5C%22http%3A%5C%2F%5C%2Fhl7.org%5C%2Ffhir%5C%2Fus%5C%2Fdavinci-crd%5C%2FCodeSystem%5C%2Ftemp%5C%22%2C%5C%22code%5C%22%3A%5C%22clinical%5C%22%2C%5C%22display%5C%22%3A%5C%22Clinical%5C%22%7D%7D%2C%7B%5C%22url%5C%22%3A%5C%22coverage%5C%22%2C%5C%22valueReference%5C%22%3A%7B%5C%22reference%5C%22%3A%5C%22Coverage%5C%2Fcov015%5C%22%7D%7D%2C%7B%5C%22url%5C%22%3A%5C%22date%5C%22%2C%5C%22valueDate%5C%22%3A%5C%222025-12-11%5C%22%7D%2C%7B%5C%22url%5C%22%3A%5C%22identifier%5C%22%2C%5C%22valueString%5C%22%3A%5C%22fc533e24-fc67-4be6-8e4b-da212f8b4385%5C%22%7D%2C%7B%5C%22url%5C%22%3A%5C%22doc-needed%5C%22%2C%5C%22valueCode%5C%22%3A%5C%22admin%5C%22%7D%2C%7B%5C%22url%5C%22%3A%5C%22questionnaire%5C%22%2C%5C%22valueCanonical%5C%22%3A%5C%22https%3A%5C%2F%5C%2Fcrd.davinci.hl7.org%5C%2Ffhir%5C%2Fr4%5C%2FQuestionnaire%5C%2FHospitalBedsAndAccessories%5C%22%7D%5D%7D%2C%7B%5C%22url%5C%22%3A%5C%22http%3A%5C%2F%5C%2Fhl7.org%5C%2Ffhir%5C%2Fus%5C%2Fdavinci-crd%5C%2FStructureDefinition%5C%2Fext-coverage-information%5C%22%2C%5C%22extension%5C%22%3A%5B%7B%5C%22url%5C%22%3A%5C%22coverageInfo%5C%22%2C%5C%22valueCoding%5C%22%3A%7B%5C%22system%5C%22%3A%5C%22http%3A%5C%2F%5C%2Fhl7.org%5C%2Ffhir%5C%2Fus%5C%2Fdavinci-crd%5C%2FCodeSystem%5C%2Ftemp%5C%22%2C%5C%22code%5C%22%3A%5C%22clinical%5C%22%2C%5C%22display%5C%22%3A%5C%22Clinical%5C%22%7D%7D%2C%7B%5C%22url%5C%22%3A%5C%22coverage%5C%22%2C%5C%22valueReference%5C%22%3A%7B%5C%22reference%5C%22%3A%5C%22Coverage%5C%2Fcov015%5C%22%7D%7D%2C%7B%5C%22url%5C%22%3A%5C%22date%5C%22%2C%5C%22valueDate%5C%22%3A%5C%222025-12-15%5C%22%7D%2C%7B%5C%22url%5C%22%3A%5C%22identifier%5C%22%2C%5C%22valueString%5C%22%3A%5C%2202587d57-bc63-4fa7-999c-253ffa33cc0b%5C%22%7D%2C%7B%5C%22url%5C%22%3A%5C%22doc-needed%5C%22%2C%5C%22valueCode%5C%22%3A%5C%22admin%5C%22%7D%2C%7B%5C%22url%5C%22%3A%5C%22questionnaire%5C%22%2C%5C%22valueCanonical%5C%22%3A%5C%22https%3A%5C%2F%5C%2Fcrd.davinci.hl7.org%5C%2Ffhir%5C%2Fr4%5C%2FQuestionnaire%5C%2FHospitalBedsAndAccessories%5C%22%7D%5D%7D%2C%7B%5C%22url%5C%22%3A%5C%22http%3A%5C%2F%5C%2Fhl7.org%5C%2Ffhir%5C%2Fus%5C%2Fdavinci-crd%5C%2FStructureDefinition%5C%2Fext-coverage-information%5C%22%2C%5C%22extension%5C%22%3A%5B%7B%5C%22url%5C%22%3A%5C%22coverageInfo%5C%22%2C%5C%22valueCoding%5C%22%3A%7B%5C%22system%5C%22%3A%5C%22http%3A%5C%2F%5C%2Fhl7.org%5C%2Ffhir%5C%2Fus%5C%2Fdavinci-crd%5C%2FCodeSystem%5C%2Ftemp%5C%22%2C%5C%22code%5C%22%3A%5C%22clinical%5C%22%2C%5C%22display%5C%22%3A%5C%22Clinical%5C%22%7D%7D%2C%7B%5C%22url%5C%22%3A%5C%22coverage%5C%22%2C%5C%22valueReference%5C%22%3A%7B%5C%22reference%5C%22%3A%5C%22Coverage%5C%2Fcov015%5C%22%7D%7D%2C%7B%5C%22url%5C%22%3A%5C%22date%5C%22%2C%5C%22valueDate%5C%22%3A%5C%222025-12-16%5C%22%7D%2C%7B%5C%22url%5C%22%3A%5C%22identifier%5C%22%2C%5C%22valueString%5C%22%3A%5C%222261a0af-d18a-42c8-adbc-fc631910c9ea%5C%22%7D%2C%7B%5C%22url%5C%22%3A%5C%22doc-needed%5C%22%2C%5C%22valueCode%5C%22%3A%5C%22admin%5C%22%7D%2C%7B%5C%22url%5C%22%3A%5C%22questionnaire%5C%22%2C%5C%22valueCanonical%5C%22%3A%5C%22https%3A%5C%2F%5C%2Fcrd.davinci.hl7.org%5C%2Ffhir%5C%2Fr4%5C%2FQuestionnaire%5C%2FHospitalBedsAndAccessories%5C%22%7D%5D%7D%2C%7B%5C%22url%5C%22%3A%5C%22http%3A%5C%2F%5C%2Fhl7.org%5C%2Ffhir%5C%2Fus%5C%2Fdavinci-crd%5C%2FStructureDefinition%5C%2Fext-coverage-information%5C%22%2C%5C%22extension%5C%22%3A%5B%7B%5C%22url%5C%22%3A%5C%22coverageInfo%5C%22%2C%5C%22valueCoding%5C%22%3A%7B%5C%22system%5C%22%3A%5C%22http%3A%5C%2F%5C%2Fhl7.org%5C%2Ffhir%5C%2Fus%5C%2Fdavinci-crd%5C%2FCodeSystem%5C%2Ftemp%5C%22%2C%5C%22code%5C%22%3A%5C%22clinical%5C%22%2C%5C%22display%5C%22%3A%5C%22Clinical%5C%22%7D%7D%2C%7B%5C%22url%5C%22%3A%5C%22coverage%5C%22%2C%5C%22valueReference%5C%22%3A%7B%5C%22reference%5C%22%3A%5C%22Coverage%5C%2Fcov015%5C%22%7D%7D%2C%7B%5C%22url%5C%22%3A%5C%22date%5C%22%2C%5C%22valueDate%5C%22%3A%5C%222025-12-16%5C%22%7D%2C%7B%5C%22url%5C%22%3A%5C%22identifier%5C%22%2C%5C%22valueString%5C%22%3A%5C%225277122d-aa27-47a1-a4ca-55dd53753708%5C%22%7D%2C%7B%5C%22url%5C%22%3A%5C%22doc-needed%5C%22%2C%5C%22valueCode%5C%22%3A%5C%22admin%5C%22%7D%2C%7B%5C%22url%5C%22%3A%5C%22questionnaire%5C%22%2C%5C%22valueCanonical%5C%22%3A%5C%22https%3A%5C%2F%5C%2Fcrd.davinci.hl7.org%5C%2Ffhir%5C%2Fr4%5C%2FQuestionnaire%5C%2FHospitalBedsAndAccessories%5C%22%7D%5D%7D%5D%2C%5C%22status%5C%22%3A%5C%22draft%5C%22%2C%5C%22intent%5C%22%3A%5C%22original-order%5C%22%2C%5C%22codeCodeableConcept%5C%22%3A%7B%5C%22coding%5C%22%3A%5B%7B%5C%22system%5C%22%3A%5C%22https%3A%5C%2F%5C%2Fwww.cms.gov%5C%2FMedicare%5C%2FCoding%5C%2FHCPCSReleaseCodeSets%5C%22%2C%5C%22code%5C%22%3A%5C%22E0250%5C%22%2C%5C%22display%5C%22%3A%5C%22Hospital+bed+fixed+height+with+any+type+of+side+rails%2C+mattress%5C%22%7D%5D%7D%2C%5C%22subject%5C%22%3A%7B%5C%22reference%5C%22%3A%5C%22Patient%5C%2Fpat015%5C%22%7D%2C%5C%22authoredOn%5C%22%3A%5C%222023-01-01T00%3A00%3A00Z%5C%22%2C%5C%22requester%5C%22%3A%7B%5C%22reference%5C%22%3A%5C%22Practitioner%5C%2Fpra-hfairchild%5C%22%7D%2C%5C%22performer%5C%22%3A%7B%5C%22reference%5C%22%3A%5C%22Practitioner%5C%2Fpra1234%5C%22%7D%2C%5C%22insurance%5C%22%3A%5B%7B%5C%22reference%5C%22%3A%5C%22Coverage%5C%2Fcov015%5C%22%7D%5D%2C%5C%22note%5C%22%3A%5B%7B%5C%22authorString%5C%22%3A%5C%22Da+Vinci+CRD+Reference+Implementation%5C%22%2C%5C%22time%5C%22%3A%5C%222025-12-02T06%3A10%3A48%2B00%3A00%5C%22%2C%5C%22text%5C%22%3A%5C%22Hospital+Beds+And+Accessories%3A+Documentation+Required.%3A+Documentation+Required%2C+please+complete+form+via+Smart+App+link.%5C%22%7D%2C%7B%5C%22authorString%5C%22%3A%5C%22Da+Vinci+CRD+Reference+Implementation%5C%22%2C%5C%22time%5C%22%3A%5C%222025-12-04T16%3A49%3A25%2B00%3A00%5C%22%2C%5C%22text%5C%22%3A%5C%22Hospital+Beds+And+Accessories%3A+Documentation+Required.%3A+Documentation+Required%2C+please+complete+form+via+Smart+App+link.%5C%22%7D%2C%7B%5C%22authorString%5C%22%3A%5C%22Da+Vinci+CRD+Reference+Implementation%5C%22%2C%5C%22time%5C%22%3A%5C%222025-12-11T07%3A16%3A41%2B00%3A00%5C%22%2C%5C%22text%5C%22%3A%5C%22Hospital+Beds+And+Accessories%3A+Documentation+Required.%3A+Documentation+Required%2C+please+complete+form+via+Smart+App+link.%5C%22%7D%2C%7B%5C%22authorString%5C%22%3A%5C%22Da+Vinci+CRD+Reference+Implementation%5C%22%2C%5C%22time%5C%22%3A%5C%222025-12-15T13%3A17%3A46%2B00%3A00%5C%22%2C%5C%22text%5C%22%3A%5C%22Hospital+Beds+And+Accessories%3A+Documentation+Required.%3A+Documentation+Required%2C+please+complete+form+via+Smart+App+link.%5C%22%7D%2C%7B%5C%22authorString%5C%22%3A%5C%22Da+Vinci+CRD+Reference+Implementation%5C%22%2C%5C%22time%5C%22%3A%5C%222025-12-16T16%3A22%3A14%2B00%3A00%5C%22%2C%5C%22text%5C%22%3A%5C%22Hospital+Beds+And+Accessories%3A+Documentation+Required.%3A+Documentation+Required%2C+please+complete+form+via+Smart+App+link.%5C%22%7D%2C%7B%5C%22authorString%5C%22%3A%5C%22Da+Vinci+CRD+Reference+Implementation%5C%22%2C%5C%22time%5C%22%3A%5C%222025-12-16T20%3A36%3A43%2B00%3A00%5C%22%2C%5C%22text%5C%22%3A%5C%22Hospital+Beds+And+Accessories%3A+Documentation+Required.%3A+Documentation+Required%2C+please+complete+form+via+Smart+App+link.%5C%22%7D%5D%7D%26coverage%3DCoverage%2Fcov015"
        }
      ],
      "extension": {
        "davinci-associated-resource": [
          "http://crd-test.davinci.hl7.org/test-ehr/r4/DeviceRequest/devreq-015-e0250/_history/7"
        ]
      }
    }
  ],
  "systemActions": []
}