{
  "cards": [
    {
      "uuid": "72da548f-20bb-44d8-9281-e91904619827",
      "summary": "Positive Airway Pressure Devices: Documentation Required.",
      "detail": "Documentation Required, please complete form via Smart App link.",
      "indicator": "info",
      "source": {
        "label": "Da Vinci CRD Reference Implementation",
        "url": null,
        "icon": null,
        "topic": {
          "code": "dtr-clin",
          "system": "http://hl7.org/fhir/us/davinci-crd/CodeSystem/cardType",
          "display": "DTR Clin"
        }
      },
      "suggestions": [
        {
          "label": "Save Update To EHR",
          "uuid": "380adb8d-8fa2-4a8e-9195-77ca78651dee",
          "actions": [
            {
              "type": "update",
              "description": "Update original DeviceRequest to add note",
              "resource": {
                "requester": {
                  "reference": "Practitioner/pra-hfairchild"
                },
                "insurance": [
                  {
                    "reference": "Coverage/cov013"
                  }
                ],
                "note": [
                  {
                    "authorString": "Da Vinci CRD Reference Implementation",
                    "time": "2026-01-09T09:22:35+00:00",
                    "text": "Positive Airway Pressure Devices: Documentation Required.: Documentation Required, please complete form via Smart App link."
                  }
                ],
                "extension": [
                  {
                    "url": "http://hl7.org/fhir/us/davinci-crd/StructureDefinition/ext-coverage-information",
                    "extension": [
                      {
                        "url": "coverageInfo",
                        "valueCoding": {
                          "system": "http://hl7.org/fhir/us/davinci-crd/CodeSystem/temp",
                          "code": "clinical",
                          "display": "Clinical"
                        }
                      },
                      {
                        "url": "coverage",
                        "valueReference": {
                          "reference": "Coverage/cov013"
                        }
                      },
                      {
                        "url": "date",
                        "valueDate": "2026-01-09"
                      },
                      {
                        "url": "identifier",
                        "valueString": "412ff1a4-4051-4c71-84f3-2fcc4448b377"
                      },
                      {
                        "url": "doc-needed",
                        "valueCode": "admin"
                      },
                      {
                        "url": "questionnaire",
                        "valueCanonical": "https://crd.davinci.hl7.org/fhir/r4/Questionnaire/PositiveAirwayPressureDevices"
                      }
                    ]
                  }
                ],
                "authoredOn": "2023-01-01T00:00:00Z",
                "performer": {
                  "reference": "Practitioner/pra1234"
                },
                "subject": {
                  "reference": "Patient/pat013"
                },
                "intent": "original-order",
                "meta": {
                  "versionId": "1",
                  "lastUpdated": "2025-10-10T20:44:58.158+00:00",
                  "profile": [
                    "http://hl7.org/fhir/us/davinci-crd/StructureDefinition/profile-devicerequest"
                  ]
                },
                "id": "devreq033",
                "codeCodeableConcept": {
                  "coding": [
                    {
                      "system": "https://www.cms.gov/Medicare/Coding/HCPCSReleaseCodeSets",
                      "code": "E0601",
                      "display": "Respiratory assist device (CPAP), bi-level w/o backup"
                    }
                  ]
                },
                "resourceType": "DeviceRequest",
                "status": "draft"
              },
              "resourceId": "DeviceRequest/devreq033"
            }
          ],
          "isRecommended": true
        }
      ],
      "selectionBehavior": null,
      "links": [
        {
          "label": "Documentation Requirements",
          "url": "https://www.cms.gov/Outreach-and-Education/Medicare-Learning-Network-MLN/MLNProducts/downloads/PAP_DocCvg_Factsheet_ICN905064.pdf",
          "type": "absolute",
          "appContext": null
        },
        {
          "label": "Order Form",
          "url": "https://dtr.davinci.hl7.org/launch",
          "type": "smart",
          "appContext": "questionnaire%3Dhttps%3A%2F%2Fcrd.davinci.hl7.org%2Ffhir%2Fr4%2FQuestionnaire%2FPositiveAirwayPressureDevices%26order%3D%7B%5C%22resourceType%5C%22%3A%5C%22DeviceRequest%5C%22%2C%5C%22id%5C%22%3A%5C%22devreq033%5C%22%2C%5C%22meta%5C%22%3A%7B%5C%22versionId%5C%22%3A%5C%221%5C%22%2C%5C%22lastUpdated%5C%22%3A%5C%222025-10-10T20%3A44%3A58.158%2B00%3A00%5C%22%2C%5C%22profile%5C%22%3A%5B%5C%22http%3A%5C%2F%5C%2Fhl7.org%5C%2Ffhir%5C%2Fus%5C%2Fdavinci-crd%5C%2FStructureDefinition%5C%2Fprofile-devicerequest%5C%22%5D%7D%2C%5C%22status%5C%22%3A%5C%22draft%5C%22%2C%5C%22intent%5C%22%3A%5C%22original-order%5C%22%2C%5C%22codeCodeableConcept%5C%22%3A%7B%5C%22coding%5C%22%3A%5B%7B%5C%22system%5C%22%3A%5C%22https%3A%5C%2F%5C%2Fwww.cms.gov%5C%2FMedicare%5C%2FCoding%5C%2FHCPCSReleaseCodeSets%5C%22%2C%5C%22code%5C%22%3A%5C%22E0601%5C%22%2C%5C%22display%5C%22%3A%5C%22Respiratory+assist+device+%28CPAP%29%2C+bi-level+w%5C%2Fo+backup%5C%22%7D%5D%7D%2C%5C%22subject%5C%22%3A%7B%5C%22reference%5C%22%3A%5C%22Patient%5C%2Fpat013%5C%22%7D%2C%5C%22authoredOn%5C%22%3A%5C%222023-01-01T00%3A00%3A00Z%5C%22%2C%5C%22requester%5C%22%3A%7B%5C%22reference%5C%22%3A%5C%22Practitioner%5C%2Fpra-hfairchild%5C%22%7D%2C%5C%22performer%5C%22%3A%7B%5C%22reference%5C%22%3A%5C%22Practitioner%5C%2Fpra1234%5C%22%7D%2C%5C%22insurance%5C%22%3A%5B%7B%5C%22reference%5C%22%3A%5C%22Coverage%5C%2Fcov013%5C%22%7D%5D%7D%26coverage%3DCoverage%2Fcov013"
        },
        {
          "label": "Face to Face Encounter Form",
          "url": "https://dtr.davinci.hl7.org/launch",
          "type": "smart",
          "appContext": "questionnaire%3Dhttps%3A%2F%2Fcrd.davinci.hl7.org%2Ffhir%2Fr4%2FQuestionnaire%2FPositiveAirwayPressureDevicesFaceToFace%26order%3D%7B%5C%22resourceType%5C%22%3A%5C%22DeviceRequest%5C%22%2C%5C%22id%5C%22%3A%5C%22devreq033%5C%22%2C%5C%22meta%5C%22%3A%7B%5C%22versionId%5C%22%3A%5C%221%5C%22%2C%5C%22lastUpdated%5C%22%3A%5C%222025-10-10T20%3A44%3A58.158%2B00%3A00%5C%22%2C%5C%22profile%5C%22%3A%5B%5C%22http%3A%5C%2F%5C%2Fhl7.org%5C%2Ffhir%5C%2Fus%5C%2Fdavinci-crd%5C%2FStructureDefinition%5C%2Fprofile-devicerequest%5C%22%5D%7D%2C%5C%22status%5C%22%3A%5C%22draft%5C%22%2C%5C%22intent%5C%22%3A%5C%22original-order%5C%22%2C%5C%22codeCodeableConcept%5C%22%3A%7B%5C%22coding%5C%22%3A%5B%7B%5C%22system%5C%22%3A%5C%22https%3A%5C%2F%5C%2Fwww.cms.gov%5C%2FMedicare%5C%2FCoding%5C%2FHCPCSReleaseCodeSets%5C%22%2C%5C%22code%5C%22%3A%5C%22E0601%5C%22%2C%5C%22display%5C%22%3A%5C%22Respiratory+assist+device+%28CPAP%29%2C+bi-level+w%5C%2Fo+backup%5C%22%7D%5D%7D%2C%5C%22subject%5C%22%3A%7B%5C%22reference%5C%22%3A%5C%22Patient%5C%2Fpat013%5C%22%7D%2C%5C%22authoredOn%5C%22%3A%5C%222023-01-01T00%3A00%3A00Z%5C%22%2C%5C%22requester%5C%22%3A%7B%5C%22reference%5C%22%3A%5C%22Practitioner%5C%2Fpra-hfairchild%5C%22%7D%2C%5C%22performer%5C%22%3A%7B%5C%22reference%5C%22%3A%5C%22Practitioner%5C%2Fpra1234%5C%22%7D%2C%5C%22insurance%5C%22%3A%5B%7B%5C%22reference%5C%22%3A%5C%22Coverage%5C%2Fcov013%5C%22%7D%5D%7D%26coverage%3DCoverage%2Fcov013"
        }
      ],
      "extension": {
        "davinci-associated-resource": [
          "http://crd-test.davinci.hl7.org/test-ehr/r4/DeviceRequest/devreq033/_history/1"
        ]
      }
    }
  ],
  "systemActions": [
    {
      "type": "update",
      "description": "Update original DeviceRequest to add note",
      "resource": {
        "requester": {
          "reference": "Practitioner/pra-hfairchild"
        },
        "insurance": [
          {
            "reference": "Coverage/cov013"
          }
        ],
        "note": [
          {
            "authorString": "Da Vinci CRD Reference Implementation",
            "time": "2026-01-09T09:22:35+00:00",
            "text": "Positive Airway Pressure Devices: Documentation Required.: Documentation Required, please complete form via Smart App link."
          }
        ],
        "extension": [
          {
            "url": "http://hl7.org/fhir/us/davinci-crd/StructureDefinition/ext-coverage-information",
            "extension": [
              {
                "url": "coverageInfo",
                "valueCoding": {
                  "system": "http://hl7.org/fhir/us/davinci-crd/CodeSystem/temp",
                  "code": "clinical",
                  "display": "Clinical"
                }
              },
              {
                "url": "coverage",
                "valueReference": {
                  "reference": "Coverage/cov013"
                }
              },
              {
                "url": "date",
                "valueDate": "2026-01-09"
              },
              {
                "url": "identifier",
                "valueString": "412ff1a4-4051-4c71-84f3-2fcc4448b377"
              },
              {
                "url": "doc-needed",
                "valueCode": "admin"
              },
              {
                "url": "questionnaire",
                "valueCanonical": "https://crd.davinci.hl7.org/fhir/r4/Questionnaire/PositiveAirwayPressureDevices"
              }
            ]
          }
        ],
        "authoredOn": "2023-01-01T00:00:00Z",
        "performer": {
          "reference": "Practitioner/pra1234"
        },
        "subject": {
          "reference": "Patient/pat013"
        },
        "intent": "original-order",
        "meta": {
          "versionId": "1",
          "lastUpdated": "2025-10-10T20:44:58.158+00:00",
          "profile": [
            "http://hl7.org/fhir/us/davinci-crd/StructureDefinition/profile-devicerequest"
          ]
        },
        "id": "devreq033",
        "codeCodeableConcept": {
          "coding": [
            {
              "system": "https://www.cms.gov/Medicare/Coding/HCPCSReleaseCodeSets",
              "code": "E0601",
              "display": "Respiratory assist device (CPAP), bi-level w/o backup"
            }
          ]
        },
        "resourceType": "DeviceRequest",
        "status": "draft"
      },
      "resourceId": "DeviceRequest/devreq033"
    }
  ]
}