{
  "cards": [
    {
      "uuid": "096399d1-a012-43ba-a182-976b0f0a3187",
      "summary": "Home Health Services: Prior Authorization required.",
      "detail": "Prior Authorization required, follow the attached link for information.",
      "indicator": "info",
      "source": {
        "label": "Da Vinci CRD Reference Implementation",
        "url": null,
        "icon": null,
        "topic": {
          "code": "prior-auth",
          "system": "http://hl7.org/fhir/us/davinci-crd/CodeSystem/cardType",
          "display": "Prior Authorization"
        }
      },
      "suggestions": [
        {
          "label": "Save Update To EHR",
          "uuid": "cbab91e0-bd05-4251-ab80-c07cad68a1a2",
          "actions": [
            {
              "type": "update",
              "description": "Update original ServiceRequest to add note",
              "resource": {
                "requester": {
                  "display": "Smythe Juliette, MD"
                },
                "insurance": [
                  {
                    "reference": "Coverage/cov016"
                  }
                ],
                "note": [
                  {
                    "authorString": "Da Vinci CRD Reference Implementation",
                    "time": "2026-01-22T14:06:36+00:00",
                    "text": "Home Health Services: Prior Authorization required.: Prior Authorization required, follow the attached link for information."
                  }
                ],
                "extension": [
                  {
                    "url": "http://hl7.org/fhir/us/davinci-crd/StructureDefinition/ext-coverage-information",
                    "extension": [
                      {
                        "url": "coverageInfo",
                        "valueCoding": {
                          "system": "http://hl7.org/fhir/us/davinci-crd/CodeSystem/temp",
                          "code": "admin",
                          "display": "Admin"
                        }
                      },
                      {
                        "url": "coverage",
                        "valueReference": {
                          "reference": "Coverage/cov016"
                        }
                      },
                      {
                        "url": "date",
                        "valueDate": "2026-01-22"
                      },
                      {
                        "url": "identifier",
                        "valueString": "afb2028f-447d-40ab-bcea-df779f4d60eb"
                      },
                      {
                        "url": "doc-needed",
                        "valueCode": "admin"
                      },
                      {
                        "url": "questionnaire",
                        "valueCanonical": "https://crd.davinci.hl7.org/fhir/r4/Questionnaire/HomeHealthServices"
                      }
                    ]
                  }
                ],
                "code": {
                  "coding": [
                    {
                      "system": "https://www.cms.gov/Medicare/Coding/HCPCSReleaseCodeSets",
                      "code": "G0180",
                      "display": "Medicare-covered home health services under a home health plan of care"
                    }
                  ]
                },
                "authoredOn": "2017-10-04",
                "performer": [
                  {
                    "reference": "Practitioner/pra1255"
                  }
                ],
                "subject": {
                  "reference": "Patient/pat015"
                },
                "intent": "order",
                "meta": {
                  "versionId": "1",
                  "lastUpdated": "2025-10-10T20:44:58.158+00:00",
                  "profile": [
                    "http://hl7.org/fhir/us/davinci-crd/StructureDefinition/profile-servicerequest"
                  ]
                },
                "occurrenceDateTime": "2017-10-01",
                "id": "servreq-g0180-1",
                "resourceType": "ServiceRequest",
                "status": "draft"
              },
              "resourceId": "ServiceRequest/servreq-g0180-1"
            }
          ],
          "isRecommended": true
        }
      ],
      "selectionBehavior": null,
      "links": [
        {
          "label": "Documentation Requirements",
          "url": "https://www.cms.gov/Outreach-and-Education/Medicare-Learning-Network-MLN/MLNProducts/Downloads/Medicare-Home-Health-Benefit-Text-Only.pdf",
          "type": "absolute",
          "appContext": null
        },
        {
          "label": "Order Form",
          "url": "https://dtr.davinci.hl7.org/launch",
          "type": "smart",
          "appContext": "questionnaire%3Dhttps%3A%2F%2Fcrd.davinci.hl7.org%2Ffhir%2Fr4%2FQuestionnaire%2FHomeHealthServices%26order%3D%7B%5C%22resourceType%5C%22%3A%5C%22ServiceRequest%5C%22%2C%5C%22id%5C%22%3A%5C%22servreq-g0180-1%5C%22%2C%5C%22meta%5C%22%3A%7B%5C%22versionId%5C%22%3A%5C%221%5C%22%2C%5C%22lastUpdated%5C%22%3A%5C%222025-10-10T20%3A44%3A58.158%2B00%3A00%5C%22%2C%5C%22profile%5C%22%3A%5B%5C%22http%3A%5C%2F%5C%2Fhl7.org%5C%2Ffhir%5C%2Fus%5C%2Fdavinci-crd%5C%2FStructureDefinition%5C%2Fprofile-servicerequest%5C%22%5D%7D%2C%5C%22status%5C%22%3A%5C%22draft%5C%22%2C%5C%22intent%5C%22%3A%5C%22order%5C%22%2C%5C%22code%5C%22%3A%7B%5C%22coding%5C%22%3A%5B%7B%5C%22system%5C%22%3A%5C%22https%3A%5C%2F%5C%2Fwww.cms.gov%5C%2FMedicare%5C%2FCoding%5C%2FHCPCSReleaseCodeSets%5C%22%2C%5C%22code%5C%22%3A%5C%22G0180%5C%22%2C%5C%22display%5C%22%3A%5C%22Medicare-covered+home+health+services+under+a+home+health+plan+of+care%5C%22%7D%5D%7D%2C%5C%22subject%5C%22%3A%7B%5C%22reference%5C%22%3A%5C%22Patient%5C%2Fpat015%5C%22%7D%2C%5C%22occurrenceDateTime%5C%22%3A%5C%222017-10-01%5C%22%2C%5C%22authoredOn%5C%22%3A%5C%222017-10-04%5C%22%2C%5C%22requester%5C%22%3A%7B%5C%22display%5C%22%3A%5C%22Smythe+Juliette%2C+MD%5C%22%7D%2C%5C%22performer%5C%22%3A%5B%7B%5C%22reference%5C%22%3A%5C%22Practitioner%5C%2Fpra1255%5C%22%7D%5D%2C%5C%22insurance%5C%22%3A%5B%7B%5C%22reference%5C%22%3A%5C%22Coverage%5C%2Fcov016%5C%22%7D%5D%7D%26coverage%3DCoverage%2Fcov016"
        },
        {
          "label": "Face to Face Encounter Form",
          "url": "https://dtr.davinci.hl7.org/launch",
          "type": "smart",
          "appContext": "questionnaire%3Dhttps%3A%2F%2Fcrd.davinci.hl7.org%2Ffhir%2Fr4%2FQuestionnaire%2FHomeHealthServicesFaceToFace%26order%3D%7B%5C%22resourceType%5C%22%3A%5C%22ServiceRequest%5C%22%2C%5C%22id%5C%22%3A%5C%22servreq-g0180-1%5C%22%2C%5C%22meta%5C%22%3A%7B%5C%22versionId%5C%22%3A%5C%221%5C%22%2C%5C%22lastUpdated%5C%22%3A%5C%222025-10-10T20%3A44%3A58.158%2B00%3A00%5C%22%2C%5C%22profile%5C%22%3A%5B%5C%22http%3A%5C%2F%5C%2Fhl7.org%5C%2Ffhir%5C%2Fus%5C%2Fdavinci-crd%5C%2FStructureDefinition%5C%2Fprofile-servicerequest%5C%22%5D%7D%2C%5C%22status%5C%22%3A%5C%22draft%5C%22%2C%5C%22intent%5C%22%3A%5C%22order%5C%22%2C%5C%22code%5C%22%3A%7B%5C%22coding%5C%22%3A%5B%7B%5C%22system%5C%22%3A%5C%22https%3A%5C%2F%5C%2Fwww.cms.gov%5C%2FMedicare%5C%2FCoding%5C%2FHCPCSReleaseCodeSets%5C%22%2C%5C%22code%5C%22%3A%5C%22G0180%5C%22%2C%5C%22display%5C%22%3A%5C%22Medicare-covered+home+health+services+under+a+home+health+plan+of+care%5C%22%7D%5D%7D%2C%5C%22subject%5C%22%3A%7B%5C%22reference%5C%22%3A%5C%22Patient%5C%2Fpat015%5C%22%7D%2C%5C%22occurrenceDateTime%5C%22%3A%5C%222017-10-01%5C%22%2C%5C%22authoredOn%5C%22%3A%5C%222017-10-04%5C%22%2C%5C%22requester%5C%22%3A%7B%5C%22display%5C%22%3A%5C%22Smythe+Juliette%2C+MD%5C%22%7D%2C%5C%22performer%5C%22%3A%5B%7B%5C%22reference%5C%22%3A%5C%22Practitioner%5C%2Fpra1255%5C%22%7D%5D%2C%5C%22insurance%5C%22%3A%5B%7B%5C%22reference%5C%22%3A%5C%22Coverage%5C%2Fcov016%5C%22%7D%5D%7D%26coverage%3DCoverage%2Fcov016"
        },
        {
          "label": "Plan of Care/Certification",
          "url": "https://dtr.davinci.hl7.org/launch",
          "type": "smart",
          "appContext": "questionnaire%3Dhttps%3A%2F%2Fcrd.davinci.hl7.org%2Ffhir%2Fr4%2FQuestionnaire%2FHomeHealthServicesPlanOfCare%26order%3D%7B%5C%22resourceType%5C%22%3A%5C%22ServiceRequest%5C%22%2C%5C%22id%5C%22%3A%5C%22servreq-g0180-1%5C%22%2C%5C%22meta%5C%22%3A%7B%5C%22versionId%5C%22%3A%5C%221%5C%22%2C%5C%22lastUpdated%5C%22%3A%5C%222025-10-10T20%3A44%3A58.158%2B00%3A00%5C%22%2C%5C%22profile%5C%22%3A%5B%5C%22http%3A%5C%2F%5C%2Fhl7.org%5C%2Ffhir%5C%2Fus%5C%2Fdavinci-crd%5C%2FStructureDefinition%5C%2Fprofile-servicerequest%5C%22%5D%7D%2C%5C%22status%5C%22%3A%5C%22draft%5C%22%2C%5C%22intent%5C%22%3A%5C%22order%5C%22%2C%5C%22code%5C%22%3A%7B%5C%22coding%5C%22%3A%5B%7B%5C%22system%5C%22%3A%5C%22https%3A%5C%2F%5C%2Fwww.cms.gov%5C%2FMedicare%5C%2FCoding%5C%2FHCPCSReleaseCodeSets%5C%22%2C%5C%22code%5C%22%3A%5C%22G0180%5C%22%2C%5C%22display%5C%22%3A%5C%22Medicare-covered+home+health+services+under+a+home+health+plan+of+care%5C%22%7D%5D%7D%2C%5C%22subject%5C%22%3A%7B%5C%22reference%5C%22%3A%5C%22Patient%5C%2Fpat015%5C%22%7D%2C%5C%22occurrenceDateTime%5C%22%3A%5C%222017-10-01%5C%22%2C%5C%22authoredOn%5C%22%3A%5C%222017-10-04%5C%22%2C%5C%22requester%5C%22%3A%7B%5C%22display%5C%22%3A%5C%22Smythe+Juliette%2C+MD%5C%22%7D%2C%5C%22performer%5C%22%3A%5B%7B%5C%22reference%5C%22%3A%5C%22Practitioner%5C%2Fpra1255%5C%22%7D%5D%2C%5C%22insurance%5C%22%3A%5B%7B%5C%22reference%5C%22%3A%5C%22Coverage%5C%2Fcov016%5C%22%7D%5D%7D%26coverage%3DCoverage%2Fcov016"
        }
      ],
      "extension": {
        "davinci-associated-resource": [
          "http://crd-test.davinci.hl7.org/test-ehr/r4/ServiceRequest/servreq-g0180-1/_history/1"
        ]
      }
    },
    {
      "uuid": "096399d1-a012-43ba-a182-976b0f0a3187",
      "summary": "Home Health Services: Prior Authorization required.",
      "detail": "Prior Authorization required, follow the attached link for information.",
      "indicator": "info",
      "source": {
        "label": "Da Vinci CRD Reference Implementation",
        "url": null,
        "icon": null,
        "topic": {
          "code": "prior-auth",
          "system": "http://hl7.org/fhir/us/davinci-crd/CodeSystem/cardType",
          "display": "Prior Authorization"
        }
      },
      "suggestions": [
        {
          "label": "Save Update To EHR",
          "uuid": "cbab91e0-bd05-4251-ab80-c07cad68a1a2",
          "actions": [
            {
              "type": "update",
              "description": "Update original ServiceRequest to add note",
              "resource": {
                "requester": {
                  "display": "Smythe Juliette, MD"
                },
                "insurance": [
                  {
                    "reference": "Coverage/cov016"
                  }
                ],
                "note": [
                  {
                    "authorString": "Da Vinci CRD Reference Implementation",
                    "time": "2026-01-22T14:06:36+00:00",
                    "text": "Home Health Services: Prior Authorization required.: Prior Authorization required, follow the attached link for information."
                  }
                ],
                "extension": [
                  {
                    "url": "http://hl7.org/fhir/us/davinci-crd/StructureDefinition/ext-coverage-information",
                    "extension": [
                      {
                        "url": "coverageInfo",
                        "valueCoding": {
                          "system": "http://hl7.org/fhir/us/davinci-crd/CodeSystem/temp",
                          "code": "admin",
                          "display": "Admin"
                        }
                      },
                      {
                        "url": "coverage",
                        "valueReference": {
                          "reference": "Coverage/cov016"
                        }
                      },
                      {
                        "url": "date",
                        "valueDate": "2026-01-22"
                      },
                      {
                        "url": "identifier",
                        "valueString": "afb2028f-447d-40ab-bcea-df779f4d60eb"
                      },
                      {
                        "url": "doc-needed",
                        "valueCode": "admin"
                      },
                      {
                        "url": "questionnaire",
                        "valueCanonical": "https://crd.davinci.hl7.org/fhir/r4/Questionnaire/HomeHealthServices"
                      }
                    ]
                  }
                ],
                "code": {
                  "coding": [
                    {
                      "system": "https://www.cms.gov/Medicare/Coding/HCPCSReleaseCodeSets",
                      "code": "G0180",
                      "display": "Medicare-covered home health services under a home health plan of care"
                    }
                  ]
                },
                "authoredOn": "2017-10-04",
                "performer": [
                  {
                    "reference": "Practitioner/pra1255"
                  }
                ],
                "subject": {
                  "reference": "Patient/pat015"
                },
                "intent": "order",
                "meta": {
                  "versionId": "1",
                  "lastUpdated": "2025-10-10T20:44:58.158+00:00",
                  "profile": [
                    "http://hl7.org/fhir/us/davinci-crd/StructureDefinition/profile-servicerequest"
                  ]
                },
                "occurrenceDateTime": "2017-10-01",
                "id": "servreq-g0180-1",
                "resourceType": "ServiceRequest",
                "status": "draft"
              },
              "resourceId": "ServiceRequest/servreq-g0180-1"
            }
          ],
          "isRecommended": true
        }
      ],
      "selectionBehavior": null,
      "links": [
        {
          "label": "Documentation Requirements",
          "url": "https://www.cms.gov/Outreach-and-Education/Medicare-Learning-Network-MLN/MLNProducts/Downloads/Medicare-Home-Health-Benefit-Text-Only.pdf",
          "type": "absolute",
          "appContext": null
        },
        {
          "label": "Order Form",
          "url": "https://dtr.davinci.hl7.org/launch",
          "type": "smart",
          "appContext": "questionnaire%3Dhttps%3A%2F%2Fcrd.davinci.hl7.org%2Ffhir%2Fr4%2FQuestionnaire%2FHomeHealthServices%26order%3D%7B%5C%22resourceType%5C%22%3A%5C%22ServiceRequest%5C%22%2C%5C%22id%5C%22%3A%5C%22servreq-g0180-1%5C%22%2C%5C%22meta%5C%22%3A%7B%5C%22versionId%5C%22%3A%5C%221%5C%22%2C%5C%22lastUpdated%5C%22%3A%5C%222025-10-10T20%3A44%3A58.158%2B00%3A00%5C%22%2C%5C%22profile%5C%22%3A%5B%5C%22http%3A%5C%2F%5C%2Fhl7.org%5C%2Ffhir%5C%2Fus%5C%2Fdavinci-crd%5C%2FStructureDefinition%5C%2Fprofile-servicerequest%5C%22%5D%7D%2C%5C%22status%5C%22%3A%5C%22draft%5C%22%2C%5C%22intent%5C%22%3A%5C%22order%5C%22%2C%5C%22code%5C%22%3A%7B%5C%22coding%5C%22%3A%5B%7B%5C%22system%5C%22%3A%5C%22https%3A%5C%2F%5C%2Fwww.cms.gov%5C%2FMedicare%5C%2FCoding%5C%2FHCPCSReleaseCodeSets%5C%22%2C%5C%22code%5C%22%3A%5C%22G0180%5C%22%2C%5C%22display%5C%22%3A%5C%22Medicare-covered+home+health+services+under+a+home+health+plan+of+care%5C%22%7D%5D%7D%2C%5C%22subject%5C%22%3A%7B%5C%22reference%5C%22%3A%5C%22Patient%5C%2Fpat015%5C%22%7D%2C%5C%22occurrenceDateTime%5C%22%3A%5C%222017-10-01%5C%22%2C%5C%22authoredOn%5C%22%3A%5C%222017-10-04%5C%22%2C%5C%22requester%5C%22%3A%7B%5C%22display%5C%22%3A%5C%22Smythe+Juliette%2C+MD%5C%22%7D%2C%5C%22performer%5C%22%3A%5B%7B%5C%22reference%5C%22%3A%5C%22Practitioner%5C%2Fpra1255%5C%22%7D%5D%2C%5C%22insurance%5C%22%3A%5B%7B%5C%22reference%5C%22%3A%5C%22Coverage%5C%2Fcov016%5C%22%7D%5D%7D%26coverage%3DCoverage%2Fcov016"
        },
        {
          "label": "Face to Face Encounter Form",
          "url": "https://dtr.davinci.hl7.org/launch",
          "type": "smart",
          "appContext": "questionnaire%3Dhttps%3A%2F%2Fcrd.davinci.hl7.org%2Ffhir%2Fr4%2FQuestionnaire%2FHomeHealthServicesFaceToFace%26order%3D%7B%5C%22resourceType%5C%22%3A%5C%22ServiceRequest%5C%22%2C%5C%22id%5C%22%3A%5C%22servreq-g0180-1%5C%22%2C%5C%22meta%5C%22%3A%7B%5C%22versionId%5C%22%3A%5C%221%5C%22%2C%5C%22lastUpdated%5C%22%3A%5C%222025-10-10T20%3A44%3A58.158%2B00%3A00%5C%22%2C%5C%22profile%5C%22%3A%5B%5C%22http%3A%5C%2F%5C%2Fhl7.org%5C%2Ffhir%5C%2Fus%5C%2Fdavinci-crd%5C%2FStructureDefinition%5C%2Fprofile-servicerequest%5C%22%5D%7D%2C%5C%22status%5C%22%3A%5C%22draft%5C%22%2C%5C%22intent%5C%22%3A%5C%22order%5C%22%2C%5C%22code%5C%22%3A%7B%5C%22coding%5C%22%3A%5B%7B%5C%22system%5C%22%3A%5C%22https%3A%5C%2F%5C%2Fwww.cms.gov%5C%2FMedicare%5C%2FCoding%5C%2FHCPCSReleaseCodeSets%5C%22%2C%5C%22code%5C%22%3A%5C%22G0180%5C%22%2C%5C%22display%5C%22%3A%5C%22Medicare-covered+home+health+services+under+a+home+health+plan+of+care%5C%22%7D%5D%7D%2C%5C%22subject%5C%22%3A%7B%5C%22reference%5C%22%3A%5C%22Patient%5C%2Fpat015%5C%22%7D%2C%5C%22occurrenceDateTime%5C%22%3A%5C%222017-10-01%5C%22%2C%5C%22authoredOn%5C%22%3A%5C%222017-10-04%5C%22%2C%5C%22requester%5C%22%3A%7B%5C%22display%5C%22%3A%5C%22Smythe+Juliette%2C+MD%5C%22%7D%2C%5C%22performer%5C%22%3A%5B%7B%5C%22reference%5C%22%3A%5C%22Practitioner%5C%2Fpra1255%5C%22%7D%5D%2C%5C%22insurance%5C%22%3A%5B%7B%5C%22reference%5C%22%3A%5C%22Coverage%5C%2Fcov016%5C%22%7D%5D%7D%26coverage%3DCoverage%2Fcov016"
        },
        {
          "label": "Plan of Care/Certification",
          "url": "https://dtr.davinci.hl7.org/launch",
          "type": "smart",
          "appContext": "questionnaire%3Dhttps%3A%2F%2Fcrd.davinci.hl7.org%2Ffhir%2Fr4%2FQuestionnaire%2FHomeHealthServicesPlanOfCare%26order%3D%7B%5C%22resourceType%5C%22%3A%5C%22ServiceRequest%5C%22%2C%5C%22id%5C%22%3A%5C%22servreq-g0180-1%5C%22%2C%5C%22meta%5C%22%3A%7B%5C%22versionId%5C%22%3A%5C%221%5C%22%2C%5C%22lastUpdated%5C%22%3A%5C%222025-10-10T20%3A44%3A58.158%2B00%3A00%5C%22%2C%5C%22profile%5C%22%3A%5B%5C%22http%3A%5C%2F%5C%2Fhl7.org%5C%2Ffhir%5C%2Fus%5C%2Fdavinci-crd%5C%2FStructureDefinition%5C%2Fprofile-servicerequest%5C%22%5D%7D%2C%5C%22status%5C%22%3A%5C%22draft%5C%22%2C%5C%22intent%5C%22%3A%5C%22order%5C%22%2C%5C%22code%5C%22%3A%7B%5C%22coding%5C%22%3A%5B%7B%5C%22system%5C%22%3A%5C%22https%3A%5C%2F%5C%2Fwww.cms.gov%5C%2FMedicare%5C%2FCoding%5C%2FHCPCSReleaseCodeSets%5C%22%2C%5C%22code%5C%22%3A%5C%22G0180%5C%22%2C%5C%22display%5C%22%3A%5C%22Medicare-covered+home+health+services+under+a+home+health+plan+of+care%5C%22%7D%5D%7D%2C%5C%22subject%5C%22%3A%7B%5C%22reference%5C%22%3A%5C%22Patient%5C%2Fpat015%5C%22%7D%2C%5C%22occurrenceDateTime%5C%22%3A%5C%222017-10-01%5C%22%2C%5C%22authoredOn%5C%22%3A%5C%222017-10-04%5C%22%2C%5C%22requester%5C%22%3A%7B%5C%22display%5C%22%3A%5C%22Smythe+Juliette%2C+MD%5C%22%7D%2C%5C%22performer%5C%22%3A%5B%7B%5C%22reference%5C%22%3A%5C%22Practitioner%5C%2Fpra1255%5C%22%7D%5D%2C%5C%22insurance%5C%22%3A%5B%7B%5C%22reference%5C%22%3A%5C%22Coverage%5C%2Fcov016%5C%22%7D%5D%7D%26coverage%3DCoverage%2Fcov016"
        }
      ],
      "extension": {
        "davinci-associated-resource": [
          "http://crd-test.davinci.hl7.org/test-ehr/r4/ServiceRequest/servreq-g0180-1/_history/1"
        ]
      }
    }
  ],
  "systemActions": []
}