{"hookInstance":"d1577c69-dfbe-44ad-ba6d-3e05e953b2ea","fhirServer":"https://crd-test.davinci.hl7.org/test-ehr/r4","hook":"order-sign","fhirAuthorization":{"access_token":"","token_type":"Bearer","expires_in":300,"scope":"patient/Patient.read patient/Observation.read","subject":"cds-service4"},"context":{"userId":"Practitioner/example","patientId":"pat013","encounterId":"enc89284","draftOrders":{"resourceType":"Bundle","entry":[{"resource":{"resourceType":"DeviceRequest","id":"devreq033","meta":{"versionId":"1","lastUpdated":"2025-10-10T20:44:58.158+00:00","profile":["http://hl7.org/fhir/us/davinci-crd/StructureDefinition/profile-devicerequest"]},"status":"draft","intent":"original-order","codeCodeableConcept":{"coding":[{"system":"https://www.cms.gov/Medicare/Coding/HCPCSReleaseCodeSets","code":"E0601","display":"Respiratory assist device (CPAP), bi-level w/o backup"}]},"subject":{"reference":"Patient/pat013"},"authoredOn":"2023-01-01T00:00:00Z","requester":{"reference":"Practitioner/pra-hfairchild"},"performer":{"reference":"Practitioner/pra1234"},"insurance":[{"reference":"Coverage/cov013"}]}}]}},"extension":{"davinci-crd.configuration":{"alt-drug":true}},"prefetch":{"coverageBundle":{"resourceType":"Bundle","type":"collection","entry":[{"fullUrl":"http://crd-test.davinci.hl7.org/test-ehr/r4/Coverage/cov013","resource":{"resourceType":"Coverage","id":"cov013","meta":{"versionId":"1","lastUpdated":"2025-10-10T20:44:58.158+00:00","profile":["http://hl7.org/fhir/us/davinci-crd/StructureDefinition/profile-coverage"]},"status":"active","subscriberId":"10A3D58WH22","beneficiary":{"reference":"Patient/pat013"},"relationship":{"coding":[{"system":"http://terminology.hl7.org/CodeSystem/subscriber-relationship","code":"self"}]},"payor":[{"reference":"Organization/org1234"}],"class":[{"type":{"coding":[{"system":"http://terminology.hl7.org/CodeSystem/coverage-class","code":"plan"}]},"value":"Medicare Part A"}]},"search":{"mode":"match"}}]},"deviceRequestBundle":{"resourceType":"Bundle","type":"collection","entry":[{"fullUrl":"http://crd-test.davinci.hl7.org/test-ehr/r4/DeviceRequest/devreq033","resource":{"resourceType":"DeviceRequest","id":"devreq033","meta":{"versionId":"1","lastUpdated":"2025-10-10T20:44:58.158+00:00","profile":["http://hl7.org/fhir/us/davinci-crd/StructureDefinition/profile-devicerequest"]},"status":"draft","intent":"original-order","codeCodeableConcept":{"coding":[{"system":"https://www.cms.gov/Medicare/Coding/HCPCSReleaseCodeSets","code":"E0601","display":"Respiratory assist device (CPAP), bi-level w/o backup"}]},"subject":{"reference":"Patient/pat013"},"authoredOn":"2023-01-01T00:00:00Z","requester":{"reference":"Practitioner/pra-hfairchild"},"performer":{"reference":"Practitioner/pra1234"},"insurance":[{"reference":"Coverage/cov013"}]},"search":{"mode":"match"}},{"fullUrl":"http://crd-test.davinci.hl7.org/test-ehr/r4/Practitioner/pra1234","resource":{"resourceType":"Practitioner","id":"pra1234","meta":{"versionId":"1","lastUpdated":"2025-10-10T20:44:58.158+00:00","profile":["http://hl7.org/fhir/us/core/StructureDefinition/us-core-practitioner"]},"identifier":[{"system":"http://hl7.org/fhir/sid/us-npi","value":"1122334455"}],"name":[{"use":"official","family":"Doe","given":["Jane","Betty"],"prefix":["Dr."]}],"telecom":[{"system":"phone","value":"716-873-1557"},{"system":"email","value":"jane.betty@myhospital.com"}],"address":[{"use":"home","type":"both","line":["840 Seneca St"],"city":"Buffalo","state":"NY","postalCode":"14210"}],"qualification":[{"identifier":[{"system":"http://example.org/UniversityIdentifier","value":"12345"}],"code":{"coding":[{"system":"http://terminology.hl7.org/CodeSystem/v2-0360/2.7","code":"MD","display":"Doctor of Medicine"}],"text":"Doctor of Medicine"},"period":{"start":"1995"},"issuer":{"display":"Example University"}}]},"search":{"mode":"include"}},{"fullUrl":"http://crd-test.davinci.hl7.org/test-ehr/r4/Patient/pat013","resource":{"resourceType":"Patient","id":"pat013","meta":{"versionId":"1","lastUpdated":"2025-10-10T20:44:58.158+00:00"},"identifier":[{"use":"usual","type":{"coding":[{"system":"http://terminology.hl7.org/CodeSystem/v2-0203","code":"MR"}],"text":"Medical Record Number"},"system":"http://hl7.org/fhir/sid/us-medicare","value":"0M987654001AZ"}],"name":[{"use":"official","family":"Quinton","given":["Vlad","Alan","Nestor"]}],"gender":"male","birthDate":"1956-12-01","address":[{"use":"home","type":"both","line":["11951 Freedom Drive Suite 1322"],"city":"Reston","state":"VA","postalCode":"20190"}]},"search":{"mode":"include"}},{"fullUrl":"http://crd-test.davinci.hl7.org/test-ehr/r4/Practitioner/pra-hfairchild","resource":{"resourceType":"Practitioner","id":"pra-hfairchild","meta":{"versionId":"1","lastUpdated":"2025-10-10T20:44:58.158+00:00"},"identifier":[{"system":"http://hl7.org/fhir/sid/us-npi","value":"1122334467"}],"name":[{"use":"official","family":"Fairchild","given":["Helen"],"prefix":["Ms."]}]},"search":{"mode":"include"}}]}}}